,Player,% of FGA by Distance - 2P,% of FGA by Distance - 0-3,% of FGA by Distance - 3-10,% of FGA by Distance - 10-16,% of FGA by Distance - 16-3P,% of FGA by Distance - 3P,% of FG Ast'd - 2P,% of FG Ast'd - 3P,Dunks - %FGA,Corner 3s - %3PA
349,Aaron McKie,.702,.234,.087,.163,.218,.298,.547,.973,.003,.541
580,Aaron Williams,.991,.468,.254,.123,.146,.009,.778,1.000,.137,.000
183,Adonal Foyle,1.000,.408,.408,.100,.085,.000,.644,,.062,
212,Adrian Griffin,.889,.167,.056,.167,.500,.111,.750,.000,.000,.500
227,Al Harrington,.915,.327,.138,.237,.215,.085,.585,.905,.073,.364
239,Alan Henderson,1.000,.476,.190,.190,.143,.000,.600,,.000,
190,Alex Garcia,1.000,.571,.143,.143,.143,.000,1.000,,.143,
247,Allan Houston,.741,.038,.076,.260,.367,.259,.522,.954,.000,.272
257,Allen Iverson,.823,.276,.116,.121,.311,.177,.339,.649,.004,.075
375,Alonzo Mourning,1.000,.366,.225,.169,.239,.000,.667,,.141,
177,Alton Ford,1.000,.182,.364,.273,.182,.000,.833,,.000,
581,Alvin Williams,.821,.113,.089,.119,.500,.179,.560,.885,.000,.303
339,Amal McCaskill,.991,.487,.145,.205,.154,.009,.574,,.077,.000
504,Amar'e Stoudemire,.994,.429,.296,.162,.108,.006,.459,1.000,.147,.000
360,Andre Miller,.931,.368,.186,.238,.139,.069,.356,.500,.005,.154
295,Andrei Kirilenko,.784,.521,.072,.049,.142,.216,.529,.956,.114,.085
145,Andrew DeClercq,1.000,.667,.226,.082,.026,.000,.548,,.056,
223,Anfernee Hardaway,.884,.184,.140,.158,.402,.116,.602,.900,.003,.291
480,Ansu Sesay,.882,.354,.107,.073,.348,.118,.627,1.000,.129,.381
270,Antawn Jamison,.956,.403,.315,.103,.135,.044,.744,1.000,.019,.350
102,Anthony Carter,.919,.216,.108,.162,.432,.081,.545,,.000,.333
204,Anthony Goldwire,.636,.045,.136,.045,.409,.364,.400,.500,.000,.125
278,Anthony Johnson,.703,.124,.083,.134,.363,.297,.556,.854,.007,.459
424,Anthony Peeler,.595,.115,.063,.080,.336,.405,.716,.926,.000,.298
548,Antoine Walker,.730,.404,.226,.064,.036,.270,.449,.927,.021,.157
130,Antonio Daniels,.709,.241,.188,.095,.183,.291,.359,.762,.043,.172
132,Antonio Davis,1.000,.341,.168,.277,.214,.000,.669,,.074,
342,Antonio McDyess,1.000,.284,.123,.280,.313,.000,.714,,.041,
125,Austin Croshere,.531,.280,.049,.059,.143,.469,.619,.929,.052,.403
279,Avery Johnson,.985,.482,.261,.090,.151,.015,.113,,.000,.000
135,Baron Davis,.585,.289,.052,.091,.153,.415,.286,.529,.024,.129
221,Ben Handlogten,1.000,.830,.085,.043,.043,.000,.600,,.085,
550,Ben Wallace,.989,.610,.163,.131,.086,.011,.618,1.000,.178,.125
117,Bimbo Coles,1.000,.235,.029,.118,.618,.000,.750,,.000,
406,Bo Outlaw,.987,.651,.247,.032,.058,.013,.711,,.077,.000
513,Bob Sura,.837,.515,.085,.082,.155,.163,.436,.857,.016,.367
258,Bobby Jackson,.630,.240,.081,.068,.242,.370,.489,.679,.000,.311
482,Bobby Simmons,.968,.375,.129,.126,.338,.032,.628,1.000,.024,.500
566,Bonzi Wells,.919,.358,.102,.146,.313,.081,.669,.864,.040,.594
148,Boris Diaw,.917,.457,.125,.147,.188,.083,.552,1.000,.070,.385
384,Boštjan Nachbar,.523,.280,.053,.030,.159,.477,.542,.957,.045,.238
361,Brad Miller,.948,.364,.152,.119,.313,.052,.726,1.000,.062,.026
16,Brandon Armstrong,.703,.126,.023,.103,.451,.297,.761,.684,.000,.404
253,Brandon Hunter,.974,.612,.241,.052,.069,.026,.434,,.147,.000
237,Brendan Haywood,.997,.469,.379,.124,.026,.003,.500,,.178,.000
31,Brent Barry,.410,.220,.068,.028,.094,.590,.446,.868,.028,.127
297,Brevin Knight,.967,.179,.118,.195,.476,.033,.476,.000,.000,.250
98,Brian Cardinal,.734,.223,.165,.105,.240,.266,.727,.964,.013,.500
121,Brian Cook,.965,.220,.078,.213,.454,.035,.821,,.064,.200
208,Brian Grant,.998,.292,.106,.140,.460,.002,.775,,.055,.000
479,Brian Scalabrine,.812,.252,.083,.106,.372,.188,.803,1.000,.037,.293
484,Brian Skinner,1.000,.400,.326,.220,.055,.000,.624,,.086,
277,Britton Johnsen,.797,.390,.051,.051,.305,.203,.375,1.000,.119,.167
61,Bruce Bowen,.578,.175,.157,.116,.129,.422,.619,1.000,.012,.835
509,Bruno Šundov,1.000,.400,.200,.000,.400,.000,.750,,.000,
160,Bryce Drew,.611,.111,.000,.111,.389,.389,1.000,1.000,.000,.429
475,Bryon Russell,.541,.115,.049,.057,.320,.459,.782,.977,.008,.304
110,Calbert Cheaney,.983,.197,.171,.227,.388,.017,.716,,.026,.500
55,Calvin Booth,.993,.383,.159,.190,.262,.007,.748,,.159,.500
18,Carlos Arroyo,.848,.220,.052,.145,.431,.152,.352,.737,.000,.179
56,Carlos Boozer,.993,.451,.159,.229,.154,.007,.696,1.000,.091,.000
10,Carmelo Anthony,.854,.452,.065,.060,.277,.146,.528,.768,.087,.079
92,Caron Butler,.933,.326,.103,.103,.401,.067,.674,.700,.035,.095
264,Casey Jacobsen,.500,.283,.022,.044,.150,.500,.520,.960,.006,.461
531,Cezary Trybański,1.000,.000,.500,.500,.000,.000,,,.000,
399,Charles Oakley,1.000,.333,.000,.167,.500,.000,1.000,,.000,
558,Charlie Ward,.472,.185,.105,.069,.113,.528,.250,.810,.000,.180
48,Chauncey Billups,.664,.245,.050,.130,.239,.336,.344,.685,.003,.164
420,Cherokee Parks,1.000,.500,.100,.200,.200,.000,.750,,.000,
6,Chris Andersen,.995,.606,.054,.108,.227,.005,.678,,.212,.000
59,Chris Bosh,.980,.350,.149,.261,.221,.020,.609,1.000,.118,.214
123,Chris Crawford,.760,.274,.108,.119,.259,.240,.683,.977,.074,.212
272,Chris Jefferies,.417,.153,.028,.097,.139,.583,.600,1.000,.014,.286
292,Chris Kaman,.995,.520,.280,.152,.044,.005,.595,,.101,.000
353,Chris Mihm,1.000,.543,.241,.092,.123,.000,.645,,.160,
565,Chris Webber,.988,.238,.261,.128,.361,.012,.647,.000,.078,.000
577,Chris Whitney,.600,.089,.000,.111,.400,.400,.667,.625,.000,.278
578,Chris Wilcox,.998,.544,.310,.115,.030,.002,.617,,.149,.000
303,Christian Laettner,.918,.258,.074,.113,.473,.082,.779,.667,.008,.048
19,Chucky Atkins,.502,.186,.043,.054,.219,.498,.315,.753,.000,.212
562,Clarence Weatherspoon,.995,.460,.171,.161,.204,.005,.663,,.057,1.000
462,Clifford Robinson,.668,.106,.187,.120,.255,.332,.563,.991,.003,.121
320,Corey Maggette,.772,.354,.078,.073,.267,.228,.578,.934,.058,.078
50,Corie Blount,.988,.229,.055,.296,.407,.012,.783,,.036,.000
597,Corliss Williamson,1.000,.447,.307,.183,.063,.000,.711,,.020,
58,Curtis Borchardt,.982,.321,.161,.286,.214,.018,.682,,.054,.000
366,Cuttino Mobley,.611,.208,.088,.109,.206,.389,.348,.829,.018,.264
284,Dahntay Jones,.925,.321,.132,.132,.340,.075,.643,1.000,.075,.500
547,Dajuan Wagner,.719,.229,.288,.118,.085,.281,.383,.935,.013,.128
137,Dale Davis,1.000,.505,.117,.260,.117,.000,.602,,.167,
285,Damon Jones,.479,.105,.038,.095,.240,.521,.348,.776,.000,.275
503,Damon Stoudamire,.581,.151,.083,.106,.241,.419,.341,.801,.000,.124
77,Damone Brown,1.000,.600,.200,.000,.200,.000,1.000,,.100,
149,Dan Dickau,.694,.235,.163,.071,.224,.306,.296,.800,.000,.167
187,Dan Gadzuric,.997,.605,.244,.132,.017,.003,.716,,.229,.000
307,Dan Langhi,.857,.000,.000,.643,.214,.143,.250,1.000,.000,1.000
30,Dana Barros,1.000,.000,.000,.000,1.000,.000,.500,,.000,
478,Daniel Santiago,1.000,.515,.301,.123,.061,.000,.744,,.129,
179,Danny Fortson,1.000,.791,.122,.036,.050,.000,.451,,.014,
356,Darius Miles,.947,.444,.162,.130,.211,.053,.617,1.000,.143,.300
492,Darius Songaila,1.000,.513,.216,.055,.216,.000,.729,,.029,
359,Darko Miličić,.985,.308,.323,.200,.154,.015,.882,,.092,.000
17,Darrell Armstrong,.417,.174,.027,.056,.160,.583,.506,.756,.005,.203
330,Darrick Martin,.612,.254,.104,.090,.164,.388,.214,1.000,.000,.115
218,Darvin Ham,.973,.640,.067,.080,.187,.027,.639,.000,.320,.000
570,David Wesley,.644,.141,.020,.071,.411,.356,.735,.946,.000,.312
572,David West,.991,.711,.136,.083,.061,.009,.593,,.079,.000
153,DeSagana Diop,1.000,.238,.170,.313,.279,.000,.684,,.054,
496,DeShawn Stevenson,.918,.268,.053,.046,.552,.082,.664,.842,.030,.366
280,DerMarr Johnson,.629,.268,.134,.082,.144,.371,.565,.846,.062,.444
7,Derek Anderson,.577,.145,.025,.093,.314,.423,.550,.835,.020,.232
175,Derek Fisher,.689,.142,.050,.089,.408,.311,.523,.865,.002,.408
116,Derrick Coleman,.861,.305,.162,.193,.201,.139,.636,1.000,.062,.167
147,Derrick Dial,.679,.179,.071,.143,.286,.321,.143,.500,.000,.222
173,Desmond Ferguson,.333,.167,.000,.000,.167,.667,1.000,.667,.083,.250
333,Desmond Mason,.955,.371,.153,.168,.262,.045,.640,.889,.075,.590
425,Desmond Penigar,1.000,.357,.250,.143,.250,.000,.643,,.036,
194,Devean George,.674,.207,.077,.109,.282,.326,.655,.938,.063,.247
78,Devin Brown,.929,.224,.173,.163,.367,.071,.593,1.000,.026,.786
380,Dikembe Mutombo,1.000,.444,.380,.136,.041,.000,.589,,.108,
201,Dion Glover,.798,.363,.081,.149,.204,.202,.526,.925,.036,.311
396,Dirk Nowitzki,.779,.154,.085,.198,.342,.221,.670,.970,.028,.097
231,Donnell Harvey,.985,.463,.308,.100,.114,.015,.472,,.129,.333
327,Donyell Marshall,.681,.325,.109,.070,.177,.319,.693,.992,.054,.480
111,Doug Christie,.794,.289,.071,.051,.382,.206,.660,.898,.084,.387
408,Doug Overton,.906,.122,.045,.163,.576,.094,.583,.667,.000,.087
207,Drew Gooden,.949,.300,.226,.198,.226,.051,.561,.889,.057,.262
546,Dwyane Wade,.934,.476,.198,.115,.144,.066,.341,.813,.085,.415
63,Earl Boykins,.777,.138,.107,.191,.341,.223,.383,.673,.000,.088
561,Earl Watson,.772,.334,.121,.075,.241,.228,.342,.846,.009,.132
195,Eddie Gill,.778,.111,.194,.139,.333,.222,.417,1.000,.000,.250
246,Eddie House,.697,.140,.051,.127,.379,.303,.591,.765,.002,.191
286,Eddie Jones,.586,.138,.088,.119,.240,.414,.527,.927,.014,.338
463,Eddie Robinson,.985,.150,.067,.202,.564,.015,.897,.000,.043,.200
126,Eddy Curry,.999,.514,.338,.120,.026,.001,.726,1.000,.127,.000
389,Eduardo Nájera,.975,.580,.074,.154,.167,.025,.729,.500,.037,.000
97,Elden Campbell,1.000,.309,.210,.331,.150,.000,.790,,.083,
71,Elton Brand,.999,.393,.256,.244,.106,.001,.576,,.037,.000
434,Eric Piatkowski,.361,.126,.031,.079,.126,.639,.793,.977,.000,.385
491,Eric Snow,.975,.343,.123,.245,.264,.025,.474,1.000,.000,.111
582,Eric Williams,.788,.221,.286,.179,.102,.212,.561,.914,.007,.220
129,Erick Dampier,.997,.617,.295,.069,.015,.003,.534,,.185,.000
505,Erick Strickland,.663,.214,.082,.148,.219,.337,.380,.966,.000,.197
281,Ervin Johnson,.990,.515,.291,.165,.019,.010,.727,,.029,.000
521,Etan Thomas,1.000,.519,.346,.110,.025,.000,.615,,.188,
170,Francisco Elson,.995,.382,.151,.191,.271,.005,.777,,.131,.000
585,Frank Williams,.712,.370,.067,.101,.173,.288,.145,.889,.005,.283
244,Fred Hoiberg,.551,.136,.029,.031,.355,.449,.922,1.000,.021,.262
287,Fred Jones,.714,.299,.109,.090,.215,.286,.563,1.000,.058,.258
423,Gary Payton,.839,.416,.148,.146,.129,.161,.508,.964,.000,.188
529,Gary Trent,.982,.399,.274,.210,.098,.018,.703,,.027,.000
318,George Lynch,.629,.277,.088,.069,.195,.371,.774,.930,.021,.511
551,Gerald Wallace,.978,.427,.079,.067,.404,.022,.563,,.056,.500
15,Gilbert Arenas,.636,.220,.111,.084,.221,.364,.262,.760,.020,.147
457,Glen Rice,.632,.079,.105,.184,.263,.368,.529,1.000,.000,.179
464,Glenn Robinson,.837,.109,.150,.353,.225,.163,.639,.971,.011,.200
198,Gordan Giriček,.790,.198,.091,.134,.367,.210,.613,.983,.015,.401
90,Greg Buckner,.749,.257,.160,.171,.160,.251,.667,1.000,.006,.523
405,Greg Ostertag,.998,.693,.128,.119,.057,.002,.615,,.094,.000
536,Hedo Türkoğlu,.626,.169,.102,.109,.247,.374,.547,.921,.019,.353
186,Hiram Fuller,1.000,.500,.125,.375,.000,.000,.333,,.125,
209,Horace Grant,.996,.317,.063,.152,.464,.004,.750,,.009,.000
167,Howard Eisley,.639,.215,.084,.104,.235,.361,.219,.731,.000,.172
138,Hubert Davis,.909,.364,.000,.182,.364,.091,1.000,,.000,.000
537,Ime Udoka,.889,.333,.000,.444,.111,.111,.333,,.000,.000
392,Ira Newble,.931,.283,.058,.181,.409,.069,.745,1.000,.033,.632
72,J.R. Bremer,.532,.196,.076,.032,.228,.468,.500,.895,.000,.351
486,Jabari Smith,.957,.200,.129,.157,.471,.043,.577,,.057,.333
543,Jacque Vaughn,.928,.177,.036,.191,.523,.072,.490,1.000,.000,.350
573,Jahidi White,1.000,.811,.142,.042,.005,.000,.505,,.168,
534,Jake Tsakalidis,1.000,.459,.301,.090,.150,.000,.776,,.188,
544,Jake Voskuhl,1.000,.653,.127,.120,.100,.000,.717,,.127,
469,Jalen Rose,.788,.147,.153,.232,.255,.212,.312,.957,.008,.391
321,Jamaal Magloire,.999,.488,.365,.082,.064,.001,.624,,.158,.000
527,Jamaal Tinsley,.441,.176,.103,.065,.097,.559,.368,.779,.003,.348
124,Jamal Crawford,.605,.140,.088,.107,.270,.395,.422,.642,.015,.192
332,Jamal Mashburn,.832,.136,.093,.352,.251,.168,.358,.789,.003,.119
477,Jamal Sampson,1.000,.522,.130,.261,.087,.000,.545,,.043,
289,James Jones,.556,.000,.000,.111,.444,.444,1.000,1.000,.000,.000
442,James Posey,.623,.370,.105,.053,.095,.377,.617,.875,.078,.410
75,Jamison Brewer,.600,.257,.114,.000,.229,.400,.375,.600,.029,.286
415,Jannero Pargo,.688,.070,.050,.146,.422,.312,.322,.864,.000,.161
276,Jared Jeffries,.936,.407,.235,.126,.168,.064,.494,.800,.070,.133
119,Jarron Collins,.997,.532,.112,.146,.207,.003,.741,,.003,.000
236,Jarvis Hayes,.812,.245,.151,.135,.281,.188,.639,1.000,.030,.389
118,Jason Collier,.976,.358,.230,.109,.279,.024,.744,1.000,.042,.250
120,Jason Collins,.995,.458,.125,.208,.203,.005,.675,,.063,.000
230,Jason Hart,.943,.195,.170,.189,.390,.057,.594,.000,.000,.333
293,Jason Kapono,.659,.116,.047,.186,.310,.341,.806,.905,.000,.432
294,Jason Kidd,.694,.214,.048,.123,.310,.306,.482,.840,.000,.106
459,Jason Richardson,.787,.290,.188,.109,.199,.213,.506,.961,.075,.223
520,Jason Terry,.648,.133,.120,.170,.226,.352,.346,.719,.004,.287
586,Jason Williams,.489,.192,.039,.059,.199,.511,.218,.658,.001,.060
180,Jeff Foster,.989,.702,.105,.064,.119,.011,.711,,.182,.000
346,Jeff McInnis,.830,.181,.177,.250,.222,.170,.497,.957,.001,.189
530,Jeff Trepagnier,.895,.421,.079,.079,.316,.105,.875,1.000,.132,.250
340,Jelani McCoy,,,,,,,,,,
397,Jermaine O'Neal,.987,.232,.312,.273,.170,.013,.706,1.000,.069,.278
42,Jerome Beasley,1.000,.333,.333,.000,.333,.000,1.000,,.000,
265,Jerome James,1.000,.471,.367,.154,.008,.000,.566,,.212,
587,Jerome Williams,.976,.589,.110,.125,.152,.024,.652,,.065,.375
494,Jerry Stackhouse,.798,.199,.112,.221,.265,.202,.476,.913,.028,.277
259,Jim Jackson,.550,.108,.099,.117,.227,.450,.455,.963,.003,.491
569,Jiří Welsch,.704,.248,.101,.095,.260,.296,.508,.826,.023,.365
282,Joe Johnson,.789,.238,.139,.146,.266,.211,.343,.916,.027,.401
487,Joe Smith,.993,.338,.147,.254,.254,.007,.703,1.000,.072,.000
445,Joel Przybilla,1.000,.580,.200,.160,.060,.000,.611,,.080,
476,John Salmons,.647,.243,.053,.127,.224,.353,.595,.960,.026,.510
552,John Wallace,.910,.179,.103,.345,.283,.090,.268,.600,.041,.231
32,Jon Barry,.535,.152,.057,.067,.259,.465,.609,.745,.000,.203
45,Jonathan Bender,.792,.349,.151,.151,.142,.208,.537,1.000,.132,.136
141,Josh Davis,.600,.400,.000,.200,.000,.400,1.000,,.200,.000
248,Josh Howard,.876,.361,.199,.128,.188,.124,.536,.800,.038,.227
155,Juan Dixon,.689,.168,.116,.146,.259,.311,.436,.627,.003,.293
290,Jumaine Jones,.542,.208,.063,.063,.208,.458,.600,1.000,.010,.318
249,Juwan Howard,.999,.236,.295,.297,.171,.001,.586,,.034,.000
370,Jérôme Moïso,.988,.452,.321,.155,.060,.012,.475,,.131,.000
152,Kaniel Dickens,1.000,.667,.000,.000,.333,.000,1.000,,.333,
474,Kareem Rush,.681,.176,.060,.139,.306,.319,.655,.938,.014,.152
322,Karl Malone,.998,.320,.083,.218,.378,.003,.762,,.020,.000
79,Kedrick Brown,.610,.311,.094,.059,.146,.390,.709,1.000,.067,.606
54,Keith Bogans,.588,.251,.057,.075,.205,.412,.578,.985,.007,.465
350,Keith McLeod,.878,.207,.061,.171,.439,.122,.423,1.000,.000,.100
540,Keith Van Horn,.742,.301,.168,.133,.140,.258,.517,1.000,.040,.352
108,Kelvin Cato,1.000,.539,.183,.161,.117,.000,.839,,.283,
196,Kendall Gill,.931,.234,.075,.157,.465,.069,.699,1.000,.004,.447
427,Kendrick Perkins,1.000,.400,.467,.133,.000,.000,.375,,.067,
8,Kenny Anderson,.984,.313,.141,.156,.375,.016,.580,1.000,.000,1.000
522,Kenny Thomas,.994,.486,.197,.113,.198,.006,.624,.000,.069,.000
331,Kenyon Martin,.972,.408,.252,.111,.201,.028,.669,1.000,.163,.160
112,Keon Clark,1.000,.333,.167,.167,.333,.000,.500,,.000,
296,Kerry Kittles,.712,.282,.047,.101,.283,.288,.831,.907,.044,.120
191,Kevin Garnett,.973,.228,.184,.240,.320,.027,.663,.818,.070,.000
403,Kevin Ollie,.965,.300,.113,.222,.331,.035,.615,.750,.000,.000
598,Kevin Willis,.993,.313,.233,.267,.180,.007,.557,,.080,.000
159,Keyon Dooling,.869,.233,.097,.142,.398,.131,.380,.875,.043,.174
243,Kirk Hinrich,.552,.207,.079,.091,.175,.448,.328,.868,.004,.190
426,Kirk Penney,.500,.000,.000,.000,.500,.500,,1.000,.000,.667
89,Kobe Bryant,.816,.319,.147,.131,.219,.184,.420,.775,.049,.152
523,Kurt Thomas,.996,.165,.157,.328,.346,.004,.801,,.005,.000
82,Kwame Brown,.997,.475,.355,.134,.032,.003,.568,1.000,.129,.500
301,Kyle Korver,.367,.061,.009,.098,.199,.633,.853,1.000,.000,.362
400,Lamar Odom,.818,.398,.243,.086,.091,.182,.344,.902,.035,.102
377,Lamond Murray,.721,.163,.070,.098,.391,.279,.527,.905,.028,.500
251,Larry Hughes,.770,.243,.123,.126,.278,.230,.475,.886,.017,.159
493,Latrell Sprewell,.764,.151,.108,.222,.283,.236,.656,.929,.014,.368
266,LeBron James,.855,.315,.168,.161,.211,.145,.442,.746,.064,.286
27,Leandro Barbosa,.553,.381,.055,.040,.077,.447,.394,.855,.004,.248
385,Lee Nailon,.991,.266,.257,.278,.190,.009,.660,,.015,.667
488,Leon Smith,1.000,.500,.500,.000,.000,.000,.000,,.000,
254,Lindsey Hunter,.650,.203,.049,.112,.287,.350,.629,1.000,.000,.520
283,Linton Johnson,.837,.315,.094,.108,.320,.163,.646,.857,.079,.364
38,Lonny Baxter,.986,.584,.201,.086,.115,.014,.667,1.000,.091,.667
599,Loren Woods,1.000,.646,.156,.104,.094,.000,.455,,.125,
603,Lorenzen Wright,.991,.345,.218,.244,.184,.009,.747,,.072,.000
229,Lucious Harris,.782,.119,.063,.132,.469,.218,.799,.974,.000,.257
461,Luke Ridnour,.771,.197,.134,.097,.343,.229,.390,.741,.000,.213
557,Luke Walton,.745,.314,.105,.111,.216,.255,.635,1.000,.000,.308
305,Maciej Lampe,.955,.227,.102,.216,.409,.045,.674,,.011,.500
3,Malik Allen,1.000,.111,.177,.232,.480,.000,.675,,.010,
472,Malik Rose,.993,.408,.171,.163,.250,.007,.705,,.072,.000
381,Mamadou N'Diaye,1.000,.667,.203,.087,.043,.000,.778,,.116,
197,Manu Ginóbili,.689,.332,.170,.085,.103,.311,.401,.852,.030,.273
260,Marc Jackson,.994,.421,.193,.234,.146,.006,.704,,.029,.000
26,Marcus Banks,.805,.330,.129,.090,.256,.195,.240,.815,.014,.105
96,Marcus Camby,.996,.446,.122,.151,.277,.004,.702,,.169,.000
176,Marcus Fizer,.951,.363,.197,.194,.197,.049,.606,1.000,.060,.118
216,Marcus Haislip,.973,.486,.203,.189,.095,.027,.629,1.000,.230,.500
53,Mark Blount,1.000,.505,.205,.154,.136,.000,.737,,.114,
261,Mark Jackson,.590,.250,.190,.080,.070,.410,.333,1.000,.000,.195
319,Mark Madsen,.971,.647,.230,.059,.034,.029,.683,,.123,.000
441,Mark Pope,1.000,.500,.500,.000,.000,.000,1.000,,.000,
271,Marko Jarić,.686,.304,.050,.069,.262,.314,.403,.863,.008,.087
131,Marquis Daniels,.912,.436,.207,.146,.124,.088,.417,1.000,.058,.222
115,Mateen Cleaves,.957,.217,.087,.261,.391,.043,.571,,.000,.000
28,Matt Barnes,.906,.514,.246,.043,.101,.094,.557,1.000,.029,.615
99,Matt Carroll,.813,.188,.125,.125,.375,.188,.833,1.000,.000,1.000
226,Matt Harpring,.920,.412,.095,.166,.246,.080,.730,1.000,.007,.182
103,Maurice Carter,.686,.114,.086,.086,.400,.314,.714,1.000,.029,.364
519,Maurice Taylor,.997,.294,.184,.213,.306,.003,.559,,.063,.000
401,Mehmet Okur,.911,.351,.188,.203,.170,.089,.562,.889,.037,.146
171,Melvin Ely,.993,.327,.431,.170,.065,.007,.394,,.092,.000
33,Mengke Bateer,1.000,.286,.286,.286,.143,.000,.750,,.000,
601,Metta World Peace,.782,.341,.143,.127,.172,.218,.438,.827,.039,.310
64,Michael Bradley,1.000,.467,.133,.133,.267,.000,.571,,.133,
127,Michael Curry,.923,.199,.077,.133,.515,.077,.808,1.000,.046,.667
156,Michael Doleac,1.000,.208,.124,.193,.475,.000,.871,,.019,
174,Michael Finley,.681,.109,.084,.148,.341,.319,.591,.867,.031,.259
404,Michael Olowokandi,1.000,.158,.533,.305,.004,.000,.702,,.039,
456,Michael Redd,.748,.252,.127,.203,.166,.252,.563,.913,.024,.298
473,Michael Ruffin,1.000,.598,.214,.111,.077,.000,.526,,.179,
499,Michael Stewart,1.000,.667,.083,.250,.000,.000,.800,,.167,
436,Mickaël Piétrus,.545,.329,.082,.065,.069,.455,.525,.943,.074,.543
47,Mike Bibby,.677,.232,.077,.067,.301,.323,.591,.872,.001,.323
163,Mike Dunleavy,.647,.219,.117,.101,.210,.353,.624,.926,.021,.276
267,Mike James,.572,.198,.096,.079,.199,.428,.373,.887,.000,.249
362,Mike Miller,.651,.282,.068,.045,.255,.349,.663,.988,.018,.121
516,Mike Sweetney,.993,.507,.264,.121,.100,.007,.536,,.079,.000
579,Mike Wilks,.722,.333,.111,.083,.194,.278,.364,.667,.000,.200
371,Mikki Moore,1.000,.424,.192,.172,.212,.000,.640,,.162,
414,Milt Palacio,.913,.436,.067,.151,.258,.087,.440,1.000,.010,.462
93,Mitchell Butler,.758,.323,.129,.113,.194,.242,.442,1.000,.008,.300
590,Mo Williams,.871,.251,.079,.069,.472,.129,.571,.700,.000,.256
393,Moochie Norris,.733,.240,.111,.092,.290,.267,.500,.950,.000,.259
433,Morris Peterson,.421,.175,.053,.046,.147,.579,.679,.960,.014,.591
367,Nazr Mohammed,1.000,.447,.318,.178,.057,.000,.606,,.102,
166,Ndudi Ebi,1.000,.500,.000,.214,.286,.000,.333,,.000,
240,Nenê,.997,.581,.190,.117,.108,.003,.713,,.213,.000
538,Nick Van Exel,.687,.104,.284,.157,.142,.313,.184,.609,.000,.147
535,Nikoloz Tskitishvili,.910,.172,.139,.057,.541,.090,.784,1.000,.025,.091
440,Olden Polynice,,,,,,,,,,
363,Oliver Miller,.990,.780,.080,.050,.080,.010,.623,,.060,.000
122,Omar Cook,.963,.185,.037,.111,.630,.037,.714,,.000,.000
228,Othella Harrington,1.000,.337,.262,.322,.079,.000,.660,,.005,
83,P.J. Brown,.999,.320,.111,.271,.296,.001,.767,,.067,.000
192,Pat Garrity,1.000,.000,.000,.000,1.000,.000,1.000,,.000,
193,Pau Gasol,.986,.394,.376,.108,.109,.014,.570,1.000,.118,.333
210,Paul Grant,1.000,.348,.217,.174,.261,.000,.818,,.087,
435,Paul Pierce,.743,.214,.074,.149,.306,.257,.446,.791,.026,.083
481,Paul Shirley,.957,.261,.304,.000,.391,.043,.700,,.043,1.000
502,Peja Stojaković,.600,.220,.069,.091,.220,.400,.706,.888,.015,.305
29,Player,2P,0-3,3-10,10-16,16-3P,3P,2P,3P,%FGA,%3PA
291,Popeye Jones,1.000,.000,.500,.500,.000,.000,,,.000,
161,Predrag Drobnjak,.905,.193,.190,.190,.332,.095,.667,1.000,.011,.083
76,Primož Brezec,1.000,.692,.154,.077,.077,.000,.750,,.038,
460,Quentin Richardson,.681,.348,.108,.074,.151,.319,.449,.850,.047,.144
312,Quincy Lewis,.750,.200,.000,.200,.350,.250,.800,1.000,.000,.400
600,Qyntel Woods,.878,.350,.110,.089,.329,.122,.628,.900,.059,.414
304,Raef LaFrentz,.677,.282,.081,.065,.250,.323,.694,.875,.000,.325
5,Rafer Alston,.432,.174,.086,.047,.124,.568,.214,.851,.001,.134
43,Raja Bell,.794,.180,.056,.112,.446,.206,.697,.919,.017,.428
315,Randy Livingston,.700,.100,.300,.100,.200,.300,.500,,.000,.000
313,Rashard Lewis,.686,.174,.203,.124,.186,.314,.569,.945,.047,.345
553,Rasheed Wallace,.745,.177,.209,.203,.156,.255,.691,.988,.077,.153
391,Rasho Nesterović,1.000,.330,.291,.219,.160,.000,.671,,.059,
94,Rasual Butler,.568,.104,.036,.124,.304,.432,.580,.960,.024,.324
4,Ray Allen,.628,.181,.138,.146,.164,.372,.371,.797,.021,.225
316,Raül López,.836,.265,.079,.124,.368,.164,.449,.440,.002,.047
189,Reece Gaines,.884,.198,.012,.093,.581,.116,.364,1.000,.000,.300
172,Reggie Evans,.982,.691,.170,.055,.067,.018,.567,,.073,.000
364,Reggie Miller,.438,.082,.047,.062,.246,.562,.706,.896,.002,.284
219,Richard Hamilton,.942,.274,.163,.256,.249,.058,.580,.889,.018,.441
275,Richard Jefferson,.882,.416,.109,.103,.254,.118,.682,.875,.110,.341
184,Richie Frahm,.338,.151,.036,.022,.129,.662,.862,.971,.036,.370
85,Rick Brunson,.781,.200,.019,.133,.429,.219,.448,.818,.000,.565
182,Rick Fox,.672,.333,.102,.086,.151,.328,.724,.800,.005,.230
142,Ricky Davis,.853,.252,.089,.205,.306,.147,.523,.923,.074,.429
11,Robert Archibald,1.000,.636,.152,.091,.121,.000,.444,,.030,
245,Robert Horry,.690,.299,.118,.121,.152,.310,.710,.927,.075,.139
412,Robert Pack,1.000,.346,.038,.154,.462,.000,.273,,.000,
528,Robert Traylor,.983,.446,.220,.129,.188,.017,.671,1.000,.125,.000
506,Rod Strickland,.898,.244,.096,.193,.365,.102,.343,.900,.000,.222
91,Rodney Buford,.964,.250,.107,.125,.482,.036,.842,,.018,.000
465,Rodney Rogers,.699,.434,.061,.050,.154,.301,.605,.960,.042,.138
576,Rodney White,.814,.222,.118,.085,.389,.186,.692,.879,.071,.092
334,Roger Mason,.602,.265,.051,.061,.224,.398,.684,.923,.000,.385
352,Ron Mercer,.967,.166,.071,.204,.526,.033,.761,.000,.033,.286
164,Ronald Dupree,.968,.365,.110,.163,.330,.032,.579,1.000,.078,.778
378,Ronald Murray,.750,.267,.113,.137,.234,.250,.357,.851,.049,.336
60,Ruben Boumtje-Boumtje,1.000,.200,.600,.200,.000,.000,1.000,,.000,
421,Ruben Patterson,.970,.671,.132,.063,.104,.030,.556,.500,.144,.167
310,Rusty LaRue,.667,.000,.000,.333,.333,.333,,1.000,.000,1.000
62,Ryan Bowen,1.000,.566,.075,.038,.321,.000,.833,,.019,
252,Ryan Humphrey,.750,.250,.000,.000,.500,.250,1.000,,.000,.000
107,Sam Cassell,.854,.103,.089,.284,.377,.146,.251,.838,.000,.183
549,Samaki Walker,.980,.424,.283,.172,.101,.020,.553,,.091,.000
128,Samuel Dalembert,.998,.591,.208,.188,.010,.002,.741,,.287,.000
422,Sasha Pavlović,.814,.319,.104,.074,.316,.186,.638,.947,.040,.343
439,Scot Pollard,1.000,.658,.158,.114,.070,.000,.617,,.009,
413,Scott Padgett,.611,.311,.030,.096,.174,.389,.630,.929,.006,.246
591,Scott Williams,.984,.226,.091,.237,.430,.016,.830,.500,.016,.667
437,Scottie Pippen,.657,.207,.064,.136,.250,.343,.500,.769,.007,.146
306,Sean Lampley,1.000,.500,.250,.200,.050,.000,.615,,.150,
466,Sean Rooks,.993,.126,.066,.166,.636,.007,.926,,.007,.000
594,Shammond Williams,.569,.203,.086,.073,.207,.431,.316,.767,.013,.140
9,Shandon Anderson,.773,.346,.140,.129,.158,.227,.624,.972,.025,.586
37,Shane Battier,.657,.219,.110,.138,.190,.343,.627,.985,.022,.651
238,Shane Heal,.250,.000,.000,.042,.208,.750,.667,1.000,.000,.111
398,Shaquille O'Neal,1.000,.576,.366,.057,.001,.000,.659,,.236,
0,Shareef Abdur-Rahim,.968,.357,.319,.116,.176,.032,.539,.889,.069,.206
67,Shawn Bradley,.995,.383,.165,.096,.351,.005,.652,,.059,.000
326,Shawn Marion,.802,.286,.142,.219,.155,.198,.540,.956,.077,.430
545,Slavko Vraneš,1.000,.000,.000,1.000,.000,.000,,,.000,
114,Speedy Claxton,.958,.303,.198,.115,.342,.042,.241,.500,.000,.045
22,Stacey Augmon,.980,.375,.161,.236,.207,.020,.739,1.000,.032,.286
351,Stanislav Medvedenko,.994,.304,.143,.184,.363,.006,.709,,.020,.333
262,Stephen Jackson,.661,.288,.076,.112,.186,.339,.517,.903,.038,.314
323,Stephon Marbury,.802,.305,.081,.093,.323,.198,.250,.356,.003,.040
49,Steve Blake,.504,.096,.071,.061,.275,.496,.512,.827,.000,.178
185,Steve Francis,.776,.281,.083,.109,.303,.224,.281,.534,.038,.144
390,Steve Nash,.696,.226,.127,.138,.205,.304,.167,.558,.000,.054
489,Steve Smith,.635,.195,.133,.147,.160,.365,.539,.860,.017,.421
255,Steven Hunter,1.000,.735,.194,.052,.019,.000,.671,,.316,
517,Stromile Swift,.993,.433,.240,.100,.221,.007,.697,1.000,.165,.250
178,T.J. Ford,.947,.392,.138,.156,.261,.053,.277,.800,.013,.190
485,Tamar Slay,.800,.267,.100,.117,.317,.200,.647,.750,.033,.583
444,Tayshaun Prince,.783,.311,.163,.120,.188,.217,.580,.982,.068,.382
450,Theo Ratliff,1.000,.397,.240,.259,.104,.000,.643,,.182,
490,Theron Smith,.721,.372,.093,.000,.256,.279,.700,1.000,.023,.500
84,Tierre Brown,1.000,.500,.000,.250,.250,.000,.000,,.000,
162,Tim Duncan,.990,.333,.317,.215,.125,.010,.532,.500,.073,.000
524,Tim Thomas,.761,.250,.180,.204,.128,.239,.507,.986,.032,.263
213,Tom Gugliotta,.980,.286,.099,.158,.438,.020,.739,.000,.025,.250
302,Toni Kukoč,.668,.352,.083,.087,.146,.332,.519,.980,.024,.119
34,Tony Battie,.977,.266,.206,.284,.221,.023,.661,1.000,.076,.111
146,Tony Delk,.641,.239,.092,.076,.234,.359,.500,.750,.000,.288
337,Tony Massenburg,.995,.279,.361,.205,.151,.005,.577,,.105,.000
419,Tony Parker,.790,.296,.170,.053,.271,.210,.321,.694,.001,.191
68,Torraye Braggs,1.000,.485,.212,.152,.152,.000,.688,,.000,
345,Tracy McGrady,.672,.192,.042,.073,.365,.328,.457,.609,.036,.043
379,Tracy Murray,.583,.167,.083,.167,.167,.417,1.000,1.000,.083,.200
46,Travis Best,.884,.291,.093,.081,.419,.116,.311,.333,.000,.050
222,Travis Hansen,.769,.277,.092,.131,.269,.231,.514,.778,.054,.367
407,Travis Outlaw,1.000,.286,.143,.286,.286,.000,.333,,.286,
181,Tremaine Fowlkes,.833,.375,.063,.083,.313,.167,.571,1.000,.083,.250
235,Trenton Hassell,.966,.192,.068,.163,.543,.034,.798,1.000,.016,.231
44,Troy Bell,.778,.333,.111,.000,.333,.222,.500,,.000,.000
250,Troy Hudson,.628,.111,.063,.101,.353,.372,.327,.581,.000,.182
376,Troy Murphy,.930,.272,.128,.074,.457,.070,.794,1.000,.033,.471
241,Tyrone Hill,1.000,.600,.200,.200,.000,.000,.667,,.000,
317,Tyronn Lue,.707,.134,.094,.139,.340,.293,.240,.863,.000,.139
109,Tyson Chandler,.994,.500,.253,.101,.139,.006,.567,,.120,.000
234,Udonis Haslem,.993,.432,.168,.177,.217,.007,.644,,.069,.333
23,Vin Baker,.993,.405,.273,.144,.171,.007,.628,1.000,.044,.000
106,Vince Carter,.833,.199,.141,.168,.325,.167,.384,.860,.039,.243
443,Vitaly Potapenko,1.000,.271,.320,.296,.112,.000,.830,,.007,
154,Vlade Divac,.981,.401,.254,.094,.231,.019,.644,1.000,.055,.077
448,Vladimir Radmanović,.536,.209,.090,.058,.179,.464,.527,.936,.059,.318
495,Vladimir Stepania,1.000,.544,.146,.146,.165,.000,.698,,.049,
311,Voshon Lenard,.690,.175,.066,.109,.340,.310,.604,.915,.000,.377
518,Wally Szczerbiak,.805,.123,.119,.153,.411,.195,.674,.950,.004,.435
338,Walter McCarty,.300,.086,.052,.059,.103,.700,.591,.971,.023,.336
604,Wang Zhizhi,.696,.348,.174,.065,.109,.304,.692,.750,.000,.071
429,Wesley Person,.561,.025,.045,.108,.382,.439,.831,.945,.000,.290
211,Willie Green,.829,.291,.143,.123,.272,.171,.476,.947,.028,.066
365,Yao Ming,.998,.322,.367,.211,.099,.002,.613,,.101,.000
449,Zach Randolph,.996,.351,.298,.164,.183,.004,.597,1.000,.018,.200
411,Zaza Pachulia,1.000,.657,.160,.091,.091,.000,.588,,.023,
220,Zendon Hamilton,1.000,.758,.095,.084,.063,.000,.706,,.084,
438,Zoran Planinić,.752,.388,.155,.093,.116,.248,.659,.778,.016,.219
256,Zydrunas Ilgauskas,.993,.434,.220,.199,.140,.007,.651,.500,.062,.000
95,Žarko Čabarkapa,.838,.350,.173,.142,.173,.162,.693,.833,.091,.281
453,Željko Rebrača,1.000,.234,.338,.377,.052,.000,.471,,.026,
