,PLAYER,TEAM,GP,W,L,MIN,PTS,TOUCHES,FRONT CT TOUCHES,TIME OF POSS,AVG SEC PER TOUCH,AVG DRIB PER TOUCH,PTS PER TOUCH,ELBOW TOUCHES,POST UPS,PAINT TOUCHES,PTS PER ELBOW TOUCH,PTS PER POST TOUCH,PTS PER PAINT TOUCH,DRIVES,FGM,FGA,FG%,FTM,FTA,FT%,PTS%,PASS,PASS%,AST,AST%,TO,TOV%,PF,PF%,Drive PTS,Drive FG%,C&S PTS,C&S FG%,Pull Up PTS,Pull Up FG%,Paint Touch PTS,Paint Touch FG%,Post Touch PTS,Post Touch FG%,Elbow Touch PTS,Elbow Touch FG%,eFG%,OREB,Contested OREB,Contested OREB%,OREB Chances,OREB Chance%,Deferred OREB Chances,Adjusted OREB Chance%,AVG OREB Distance,DREB,Contested DREB,Contested DREB%,DREB Chances,DREB Chance%,Deferred DREB Chances,Adjusted DREB Chance%,AVG DREB Distance,STL,BLK,DFGM,DFGA,DFG%
0,AJ Griffin,ATL,20,8,12,8.5,2.4,8.5,5.4,0.3,1.99,1.5,0.284,0.1,0.0,0.2,0.0,0.0,0.5,1.0,0.2,0.7,30.8,0.0,0.0,0.0,40.0,0.2,20.0,0.1,5.0,0.2,15.0,0.0,0.0,0.4,30.8,0.8,20.8,1.1,34.8,0.1,0.0,0.0,0.0,0.0,0.0,37.1,0.2,0.0,0.0,1.3,16.7,0.0,16.7,5.9,1.8,0.1,6.3,2.2,80.0,0.1,84.2,11.1,0.1,0.1,0.6,0.9,70.6
1,Aaron Gordon,DEN,71,47,24,31.6,13.9,42.3,23.3,2.2,3.16,2.41,0.329,2.0,1.5,6.8,0.352,0.627,1.008,4.0,0.9,2.0,47.5,0.5,0.8,66.7,59.8,1.3,32.2,0.3,8.0,0.3,7.3,0.4,9.4,2.4,47.5,1.3,28.4,0.7,26.9,6.8,70.9,1.0,54.2,0.7,61.8,58.0,2.4,1.7,72.1,4.5,54.4,0.2,56.6,5.5,4.1,1.1,27.7,6.1,67.7,0.4,72.1,7.2,0.7,0.6,1.8,3.1,56.6
2,Aaron Nesmith,IND,72,41,31,27.7,12.2,39.3,22.6,1.1,1.61,0.93,0.31,0.3,0.0,1.0,0.889,0.0,0.813,4.4,1.2,2.3,53.4,0.6,0.7,84.6,71.8,1.4,31.6,0.2,5.4,0.2,4.7,0.4,8.2,3.2,53.4,5.3,43.4,1.1,41.9,0.8,62.8,0.0,0.0,0.2,75.0,60.6,0.9,0.4,49.2,2.6,33.9,0.1,35.4,11.2,2.9,0.7,24.5,5.7,52.0,0.7,59.1,5.7,0.9,0.7,2.1,3.8,55.8
3,Adama Sanogo,CHI,9,3,6,7.3,4.0,9.8,5.8,0.2,1.44,0.5,0.409,0.8,0.3,3.7,0.857,1.0,0.939,0.1,0.0,0.1,0.0,0.0,0.0,0.0,0.0,0.0,0.0,0.0,0.0,0.0,0.0,0.0,0.0,0.0,0.0,0.0,0.0,0.0,0.0,3.4,56.5,0.3,100.0,0.7,50.0,51.9,2.7,1.9,68.4,5.0,54.3,0.0,54.3,4.0,2.4,0.6,23.5,3.1,77.3,0.1,81.0,4.9,0.1,0.0,0.7,0.7,100.0
4,Admiral Schofield,ORL,23,15,8,3.7,1.1,7.0,3.7,0.2,1.93,0.86,0.163,0.2,0.0,0.3,0.5,0.0,0.333,0.2,0.0,0.2,25.0,0.0,0.0,0.0,40.0,0.0,20.0,0.0,0.0,0.0,0.0,0.0,0.0,0.1,25.0,0.7,35.7,0.2,40.0,0.1,50.0,0.0,0.0,0.1,100.0,50.0,0.3,0.1,33.3,0.4,60.0,0.0,60.0,5.3,1.1,0.2,15.4,1.3,81.3,0.0,81.3,5.2,0.0,0.0,0.1,0.1,66.7
5,Al Horford,BOS,64,50,14,26.7,8.6,33.2,18.6,0.8,1.44,0.44,0.26,1.0,0.7,2.7,0.286,0.773,0.799,0.9,0.2,0.4,56.5,0.0,0.0,100.0,49.1,0.4,47.4,0.1,12.3,0.1,8.8,0.0,1.8,0.4,56.5,5.1,43.0,0.2,40.0,2.2,72.5,0.5,65.0,0.3,81.8,64.7,1.2,0.7,53.2,2.6,46.7,0.1,48.8,9.0,5.0,1.2,23.6,7.8,64.8,0.7,70.9,6.6,0.6,1.0,2.6,4.0,65.4
6,Aleksej Pokusevski,CHA,27,13,14,14.7,5.1,22.8,13.1,0.8,2.2,1.18,0.226,0.8,0.1,0.9,0.455,1.0,1.208,2.5,0.4,1.0,42.9,0.3,0.4,58.3,45.6,1.1,42.6,0.3,13.2,0.1,2.9,0.2,8.8,1.1,42.9,1.7,32.7,0.4,19.0,1.1,84.6,0.1,0.0,0.4,50.0,46.6,0.7,0.3,47.1,1.2,58.6,0.0,58.6,13.1,2.9,0.7,24.3,4.8,60.9,0.3,65.4,6.0,0.5,0.4,1.6,2.1,78.6
7,Alex Fudge,DAL,6,1,5,6.7,2.5,6.7,4.3,0.2,1.77,1.15,0.375,0.0,0.0,0.5,0.0,0.0,1.333,0.5,0.3,0.5,66.7,0.0,0.0,0.0,133.3,0.0,0.0,0.0,0.0,0.0,0.0,0.0,0.0,0.7,66.7,0.5,16.7,0.3,50.0,0.7,50.0,0.0,0.0,0.0,0.0,43.3,1.0,0.8,75.0,2.3,44.4,0.0,44.4,7.3,0.3,0.0,0.0,0.5,50.0,0.0,50.0,7.7,0.5,0.0,0.5,0.5,100.0
8,Amen Thompson,HOU,62,30,32,22.4,9.5,40.3,16.7,2.3,3.41,2.66,0.237,1.0,0.1,4.5,0.619,0.5,0.841,4.6,0.8,1.6,49.0,0.3,0.5,66.7,42.8,2.2,47.7,0.4,9.5,0.4,8.8,0.2,5.3,2.0,49.0,0.5,20.0,0.5,28.0,3.8,69.1,0.0,0.0,0.6,75.0,54.5,2.5,1.6,65.5,4.8,51.6,0.1,52.7,5.6,4.3,1.0,23.1,6.0,72.0,0.3,76.2,5.1,1.3,0.6,1.3,2.1,62.9
9,Amir Coffey,LAC,69,45,24,20.9,6.7,20.3,12.0,0.8,2.25,1.36,0.33,0.2,0.0,0.3,0.786,0.0,0.85,2.1,0.6,1.1,52.6,0.1,0.1,100.0,63.4,0.7,31.7,0.1,4.9,0.2,7.7,0.1,2.8,1.3,52.6,2.9,40.1,1.1,42.7,0.2,66.7,0.0,0.0,0.2,83.3,57.4,0.5,0.1,28.6,0.9,53.8,0.1,57.1,15.6,2.1,0.3,16.2,3.6,59.4,0.3,64.3,9.4,0.6,0.2,1.0,1.4,67.0
10,Andrew Nembhard,IND,68,41,27,25.0,9.2,46.5,22.6,2.8,3.61,3.34,0.198,0.4,0.1,0.6,0.444,0.4,0.805,8.4,1.8,3.3,53.4,0.3,0.4,83.3,45.2,4.1,48.9,1.0,11.9,0.5,6.1,0.2,2.1,3.8,53.4,2.5,39.2,2.7,46.6,0.5,72.2,0.0,100.0,0.2,75.0,55.7,0.7,0.1,22.2,1.6,41.4,0.1,43.9,16.5,1.9,0.3,15.2,3.7,51.7,0.4,57.7,10.0,0.9,0.1,1.2,1.9,66.7
11,Andrew Wiggins,GSW,70,38,32,27.1,13.3,36.9,22.5,1.7,2.82,2.01,0.359,0.8,1.7,2.8,0.745,0.448,0.842,4.6,1.1,2.3,48.1,0.8,1.0,79.4,65.9,1.4,31.3,0.3,7.2,0.3,5.9,0.5,10.6,3.0,48.1,3.4,34.5,1.8,37.7,2.4,54.1,0.7,46.3,0.6,65.4,51.2,1.6,1.0,60.4,3.4,46.5,0.1,48.6,7.1,3.0,0.8,25.5,5.3,57.6,0.6,64.4,6.1,0.6,0.6,1.8,2.4,75.9
12,Anthony Davis,LAL,75,44,31,35.6,24.8,73.4,41.4,2.8,2.26,1.01,0.338,4.9,4.3,8.9,0.686,0.661,1.216,3.8,1.1,2.4,44.0,0.7,1.0,73.0,76.7,0.5,12.5,0.0,1.0,0.3,6.6,0.5,13.2,2.9,44.0,2.7,40.4,1.8,37.6,10.9,72.9,2.8,52.0,3.4,53.4,56.8,3.1,2.4,77.5,6.1,50.8,0.1,51.2,4.2,9.5,3.3,34.6,14.1,67.2,1.0,72.1,4.4,1.2,2.3,4.0,7.4,54.0
13,Anthony Gill,WAS,50,9,41,9.3,3.8,11.9,7.4,0.4,1.83,0.89,0.318,0.6,0.1,1.5,0.897,0.333,0.947,0.9,0.3,0.5,64.0,0.1,0.2,60.0,87.0,0.3,28.3,0.1,6.5,0.0,4.3,0.1,10.9,0.8,64.0,0.6,23.8,0.2,57.1,1.4,55.2,0.0,0.0,0.5,55.0,50.0,1.1,0.6,59.5,2.2,50.0,0.0,50.7,6.2,1.7,0.4,24.6,3.4,50.0,0.4,56.4,7.4,0.3,0.2,0.9,1.2,74.1
14,Ashton Hagans,POR,19,3,16,16.6,4.2,38.1,17.6,2.5,3.96,3.33,0.111,0.1,0.0,0.6,0.0,0.0,0.5,6.7,0.9,2.2,43.9,0.5,0.6,75.0,36.2,3.4,50.4,0.7,10.2,0.7,10.2,0.3,4.7,2.4,43.9,1.3,34.8,0.1,25.0,0.3,75.0,0.0,0.0,0.0,0.0,46.5,0.9,0.4,50.0,1.9,46.7,0.0,46.7,12.6,1.9,0.4,19.4,3.0,64.6,0.2,68.9,8.9,0.6,0.5,0.7,1.1,61.9
15,Ausar Thompson,DET,62,10,52,25.3,8.9,30.9,17.1,1.2,2.3,1.72,0.288,0.8,0.0,3.5,0.615,0.0,0.839,4.6,1.1,2.0,55.7,0.4,0.7,52.3,56.8,1.7,37.2,0.5,10.2,0.4,7.7,0.4,7.7,2.6,55.7,1.1,20.7,0.5,28.6,2.9,66.7,0.0,0.0,0.5,73.7,51.1,2.0,1.1,54.4,3.6,56.1,0.1,57.1,7.4,4.4,0.9,21.0,6.6,66.2,0.4,70.5,6.2,1.1,1.0,1.6,2.7,60.1
16,Bam Adebayo,MIA,71,40,31,34.0,19.3,63.0,36.8,3.1,2.96,1.71,0.306,5.4,4.0,6.7,0.595,0.616,0.874,4.9,1.5,2.9,51.0,0.9,1.2,73.9,82.6,0.9,19.1,0.1,2.9,0.2,4.6,0.6,12.6,4.1,51.0,2.3,40.6,2.8,40.7,5.9,62.9,2.5,52.9,3.2,47.0,52.9,2.2,1.4,63.7,4.7,47.3,0.1,48.6,6.3,8.1,2.2,27.4,12.3,66.4,0.9,71.9,5.4,1.1,0.9,2.5,4.3,58.6
17,Ben Simmons,BKN,15,7,8,23.9,6.1,58.7,18.0,3.5,3.55,2.73,0.104,1.4,0.7,3.5,0.524,0.4,0.925,3.5,0.5,1.4,33.3,0.1,0.2,33.3,28.8,1.7,48.1,0.4,11.5,0.3,7.7,0.1,3.8,1.0,33.3,0.0,0.0,0.1,33.3,3.3,69.7,0.3,66.7,0.7,83.3,58.1,2.1,0.9,45.2,3.5,58.5,0.1,60.8,7.5,5.9,1.0,17.0,8.3,71.0,0.7,77.2,7.1,0.8,0.6,2.3,2.7,82.9
18,Bennedict Mathurin,IND,59,33,26,26.1,14.5,41.9,27.1,1.7,2.4,1.6,0.346,1.1,0.1,1.8,0.714,0.857,0.917,7.0,1.7,3.8,45.5,1.4,1.6,87.0,71.8,1.7,24.5,0.4,5.3,0.5,7.3,0.8,11.2,5.0,45.5,2.0,38.7,3.5,39.4,1.7,62.7,0.1,50.0,0.8,50.0,50.7,1.1,0.5,48.3,3.2,35.7,0.2,38.5,8.5,3.3,0.6,18.4,5.3,62.4,0.4,67.4,6.9,0.6,0.2,2.2,2.9,73.4
19,Bobby Portis,MIL,82,49,33,24.5,13.8,41.8,21.6,1.3,1.8,0.84,0.33,0.9,2.6,3.5,0.681,0.705,1.0,2.0,0.8,1.5,51.2,0.2,0.2,77.8,84.9,0.3,15.1,0.0,1.8,0.1,4.8,0.1,5.4,1.7,51.2,4.1,41.6,2.5,44.0,3.5,65.5,1.9,51.1,0.6,59.0,56.2,1.7,1.1,64.1,3.9,44.1,0.1,44.9,6.4,5.7,1.3,22.2,8.4,67.6,0.6,73.1,5.5,0.8,0.4,2.2,3.3,65.7
20,Bojan Bogdanovic,NYK,57,20,37,25.9,15.2,33.5,25.7,1.5,2.64,1.85,0.454,0.5,0.5,0.5,0.679,0.429,1.071,6.4,1.5,3.1,48.0,0.8,0.9,88.0,59.4,2.2,34.3,0.5,8.0,0.6,9.1,0.4,6.9,3.8,48.0,5.4,40.9,4.1,43.7,0.5,72.2,0.2,40.0,0.3,50.0,55.1,0.4,0.2,40.9,1.4,30.1,0.1,31.4,18.0,2.5,0.5,20.0,4.2,59.6,0.5,68.1,7.4,0.5,0.1,1.6,2.0,81.0
21,Bol Bol,PHX,42,28,14,10.9,5.0,12.6,7.1,0.3,1.65,0.72,0.397,0.5,0.1,1.0,1.05,0.5,1.068,0.6,0.2,0.4,58.8,0.0,0.0,100.0,88.5,0.2,26.9,0.0,3.8,0.0,3.8,0.0,3.8,0.5,58.8,1.5,46.0,0.9,50.0,1.1,68.8,0.0,33.3,0.5,71.4,67.7,0.9,0.4,46.7,1.5,57.7,0.1,60.0,8.8,2.9,0.5,18.0,4.0,74.1,0.2,78.7,5.3,0.2,0.6,0.7,1.5,45.2
22,Brandon Clarke,MEM,6,2,4,22.4,11.3,32.2,23.3,0.9,1.65,1.05,0.352,4.2,0.2,5.2,0.88,0.0,0.968,3.0,0.7,1.7,40.0,0.0,0.0,0.0,44.4,1.2,38.9,0.0,0.0,0.2,5.6,0.0,0.0,1.3,40.0,1.8,35.7,1.3,66.7,5.0,71.4,0.0,0.0,3.7,64.7,56.8,2.2,1.3,61.5,4.7,46.4,0.3,50.0,6.6,3.2,0.8,26.3,5.7,55.9,0.5,61.3,5.1,0.8,1.0,1.8,2.8,64.7
23,Brandon Ingram,NOP,63,38,25,32.9,21.0,64.6,37.5,4.3,4.01,3.17,0.325,2.0,1.0,1.0,0.691,0.516,0.677,13.0,3.3,6.1,54.5,1.6,2.0,82.3,64.6,5.0,38.3,1.3,9.8,0.7,5.0,1.0,7.6,8.4,54.5,3.5,39.4,8.1,45.9,0.7,55.9,0.5,52.2,1.3,60.3,53.7,0.7,0.3,50.0,1.8,36.5,0.1,37.8,11.3,4.4,0.9,19.7,7.2,61.9,0.6,67.9,7.3,0.8,0.6,1.6,2.6,62.4
24,Brandon Miller,CHA,73,17,56,32.1,17.2,54.4,32.1,2.8,3.13,2.28,0.316,0.5,0.1,1.3,0.714,0.0,0.851,7.4,1.7,4.1,42.3,0.9,1.1,79.5,60.3,2.0,27.5,0.4,5.2,0.5,6.5,0.6,7.8,4.5,42.3,6.2,39.1,4.8,43.3,1.1,64.9,0.0,0.0,0.3,60.0,52.4,0.8,0.4,43.3,1.9,42.9,0.0,43.8,9.7,3.4,0.8,21.8,6.2,55.9,0.8,63.6,7.5,0.9,0.6,3.3,4.7,68.8
25,Braxton Key,DEN,20,14,6,3.0,1.1,5.9,2.7,0.2,2.15,1.37,0.186,0.1,0.1,0.2,0.0,0.0,1.0,0.7,0.1,0.3,33.3,0.1,0.1,50.0,38.5,0.3,46.2,0.2,23.1,0.0,0.0,0.1,7.7,0.3,33.3,0.3,50.0,0.1,50.0,0.2,50.0,0.0,0.0,0.0,0.0,47.1,0.3,0.1,33.3,0.7,37.5,0.0,37.5,11.0,1.2,0.6,50.0,1.7,70.0,0.2,77.8,5.2,0.1,0.1,0.1,0.2,66.7
26,Brice Sensabaugh,UTA,31,8,23,17.8,7.3,23.9,13.9,1.2,3.06,2.35,0.304,0.3,0.0,0.4,0.444,0.0,0.25,4.1,0.7,1.8,40.4,0.5,0.5,100.0,46.9,1.4,33.6,0.4,8.6,0.5,11.7,0.2,5.5,1.9,40.4,2.5,32.1,1.8,34.8,0.1,50.0,0.0,0.0,0.1,100.0,45.9,0.6,0.2,26.7,1.4,40.5,0.1,42.9,12.6,3.3,0.4,12.9,5.0,65.9,0.5,73.9,7.2,0.3,0.2,1.3,1.8,71.9
27,Bruce Brown,TOR,67,26,41,27.8,10.8,43.2,22.1,2.1,2.89,2.35,0.251,1.0,0.1,1.9,0.641,0.333,1.048,6.6,1.4,3.3,44.1,0.7,0.8,86.5,55.8,2.4,36.2,0.6,8.7,0.4,5.5,0.4,5.9,3.7,44.1,2.2,34.0,1.4,36.9,2.0,70.0,0.0,50.0,0.6,65.5,52.3,0.9,0.3,37.7,2.7,32.1,0.1,33.3,9.8,3.7,0.5,12.1,6.2,60.5,0.6,66.6,7.0,0.9,0.3,2.5,3.2,76.9
28,Bruno Fernando,ATL,45,20,25,15.2,6.3,19.8,14.5,0.5,1.45,0.51,0.317,2.5,0.5,4.4,0.57,0.87,0.945,0.7,0.2,0.5,52.4,0.1,0.2,75.0,93.9,0.1,15.2,0.0,3.0,0.1,9.1,0.1,12.1,0.7,52.4,0.1,25.0,0.1,40.0,4.2,64.3,0.4,70.0,1.4,62.2,58.3,1.4,0.9,61.0,3.8,38.3,0.0,38.8,5.3,3.3,1.3,38.8,5.8,56.8,0.6,63.2,5.2,0.6,0.6,2.2,3.4,64.5
29,Buddy Boeheim,DET,10,0,10,8.4,3.4,8.0,6.0,0.2,1.58,0.64,0.425,0.1,0.0,0.1,0.0,0.0,0.0,0.5,0.0,0.1,0.0,0.2,0.2,100.0,40.0,0.3,60.0,0.3,60.0,0.0,0.0,0.1,20.0,0.2,0.0,2.4,36.4,0.2,20.0,0.0,0.0,0.0,0.0,0.0,0.0,44.8,0.6,0.4,66.7,0.8,75.0,0.0,75.0,14.5,1.4,0.6,42.9,2.0,70.0,0.2,77.8,8.6,0.0,0.1,0.6,0.8,75.0
30,Caleb Martin,MIA,64,36,28,27.4,10.0,39.0,19.6,2.1,3.26,2.49,0.256,0.6,0.0,1.4,0.5,0.0,0.659,5.4,1.2,2.6,45.1,0.5,0.6,75.0,53.6,1.8,34.1,0.5,8.5,0.4,6.7,0.3,5.8,2.9,45.1,3.5,36.8,1.3,32.7,0.9,56.0,0.0,0.0,0.3,75.0,50.4,1.2,0.5,45.9,2.2,52.9,0.1,54.8,10.1,3.3,0.5,14.5,5.7,58.0,0.5,64.1,7.2,0.7,0.5,1.7,2.7,64.5
31,Cam Reddish,LAL,47,26,21,20.4,5.3,16.9,10.0,0.6,1.98,1.29,0.316,0.3,0.0,0.8,0.667,0.0,0.718,2.1,0.3,1.0,33.3,0.5,0.7,73.5,57.4,0.5,24.8,0.2,7.9,0.1,5.9,0.4,16.8,1.2,33.3,2.1,30.6,0.2,23.5,0.6,60.0,0.0,0.0,0.2,42.9,46.5,0.7,0.1,20.0,1.7,42.4,0.1,44.6,13.8,2.0,0.6,31.9,3.2,61.6,0.3,67.6,8.5,1.0,0.3,0.9,1.2,73.7
32,Cam Whitmore,HOU,47,19,28,18.7,12.3,24.6,13.2,1.2,2.81,2.34,0.5,0.6,0.0,1.8,0.962,0.0,0.892,3.2,0.9,1.8,48.8,0.6,0.8,72.2,73.7,0.6,19.7,0.1,3.3,0.3,9.2,0.4,11.8,2.4,48.8,3.9,42.8,1.8,28.8,1.6,54.7,0.0,0.0,0.5,69.2,53.9,1.0,0.5,50.0,2.2,44.9,0.1,46.8,7.7,3.0,0.5,16.9,4.6,65.4,0.3,69.7,6.0,0.6,0.4,0.9,1.4,63.2
33,Cameron Johnson,BKN,57,21,36,27.6,13.3,38.5,25.5,1.6,2.48,1.98,0.346,0.4,0.0,1.1,0.636,0.0,0.603,5.6,1.1,2.2,48.8,0.4,0.5,76.7,47.6,2.4,43.8,0.7,12.3,0.4,7.6,0.3,5.0,2.6,48.8,6.4,42.2,1.9,33.1,0.7,59.3,0.0,0.0,0.2,100.0,55.3,1.0,0.3,34.5,2.2,43.0,0.2,46.6,11.2,3.4,0.5,15.9,6.2,55.2,0.8,63.3,8.0,0.8,0.3,1.7,2.5,68.3
34,Cedi Osman,SAS,72,17,55,17.6,6.8,22.8,13.2,0.8,2.08,1.4,0.298,0.4,0.0,0.6,0.71,0.0,0.738,2.2,0.5,1.0,52.7,0.2,0.3,61.1,56.9,0.9,38.8,0.2,10.6,0.1,6.3,0.1,5.6,1.3,52.7,3.5,41.4,0.4,26.7,0.4,82.4,0.0,0.0,0.3,83.3,59.1,0.4,0.2,44.0,1.2,32.9,0.1,35.2,11.3,2.5,0.4,17.5,3.7,69.1,0.3,75.5,9.0,0.5,0.2,1.2,1.7,70.2
35,Charles Bassey,SAS,19,3,16,10.8,3.3,19.4,8.7,0.5,1.43,0.38,0.171,1.3,0.0,2.5,0.68,0.0,1.0,0.0,0.0,0.0,0.0,0.0,0.0,0.0,0.0,0.0,0.0,0.0,0.0,0.0,0.0,0.0,0.0,0.0,0.0,0.3,50.0,0.0,0.0,2.5,80.8,0.0,0.0,0.9,80.0,72.5,1.4,0.8,60.9,3.6,37.1,0.0,37.1,6.4,3.1,0.9,30.2,4.3,72.6,0.4,79.1,5.3,0.4,0.9,1.4,2.1,65.0
36,Chet Holmgren,OKC,82,57,25,29.4,16.5,55.4,29.2,1.9,2.03,1.04,0.299,2.0,0.5,4.4,0.635,0.395,1.05,6.5,1.6,2.7,57.8,1.1,1.3,83.6,67.2,2.5,38.0,0.5,7.5,0.4,6.4,0.7,10.3,4.4,57.8,4.9,38.9,1.4,42.4,4.6,71.9,0.2,53.3,1.3,59.7,59.8,1.6,1.1,71.3,4.0,39.8,0.1,41.1,6.3,6.3,2.2,35.5,11.0,57.8,1.2,64.7,4.0,0.6,2.3,4.5,8.6,52.4
37,Chimezie Metu,DET,51,24,27,16.8,6.5,21.9,12.0,0.7,1.81,0.88,0.297,0.5,0.2,1.6,0.696,1.091,0.976,2.0,0.6,1.2,52.5,0.4,0.4,81.8,80.4,0.3,15.7,0.1,3.9,0.2,10.8,0.2,10.8,1.6,52.5,1.4,28.9,0.9,54.1,1.6,70.8,0.2,57.1,0.3,85.7,56.1,0.9,0.4,43.9,2.1,42.3,0.0,42.7,8.5,3.3,0.6,18.5,5.1,64.5,0.3,69.3,5.5,0.8,0.3,1.5,2.2,70.0
38,Chris Boucher,TOR,49,16,33,13.7,6.2,16.0,9.1,0.4,1.67,0.57,0.391,0.4,0.1,2.7,0.818,0.6,1.053,0.5,0.1,0.2,63.6,0.1,0.1,75.0,68.0,0.2,40.0,0.0,8.0,0.0,8.0,0.0,8.0,0.3,63.6,1.8,32.6,0.0,20.0,2.9,65.8,0.1,0.0,0.4,85.7,56.8,1.3,0.9,70.5,3.4,39.4,0.2,42.1,4.5,3.0,0.7,22.5,4.3,69.7,0.3,75.0,5.7,0.3,0.4,1.1,1.7,61.2
39,Chris Livingston,MIL,21,13,8,4.3,1.2,5.6,2.4,0.2,2.14,1.34,0.222,0.1,0.0,0.3,1.0,0.0,0.857,0.3,0.2,0.2,80.0,0.0,0.0,0.0,133.3,0.0,0.0,0.0,0.0,0.0,16.7,0.0,0.0,0.4,80.0,0.1,20.0,0.0,0.0,0.3,60.0,0.0,0.0,0.1,50.0,52.3,0.3,0.2,66.7,0.6,42.9,0.0,42.9,2.9,1.5,0.2,11.1,2.3,66.7,0.2,72.0,6.6,0.1,0.0,0.2,0.4,62.5
40,Christian Wood,LAL,49,27,22,17.6,7.0,24.3,12.2,0.7,1.81,0.83,0.288,0.9,0.4,1.7,0.717,0.263,1.083,1.7,0.4,0.8,51.2,0.3,0.4,63.6,71.6,0.4,24.7,0.1,3.7,0.1,7.4,0.2,13.6,1.2,51.2,2.2,31.4,0.3,50.0,1.9,72.2,0.1,16.7,0.7,68.4,53.3,0.8,0.5,58.3,1.6,50.7,0.1,53.7,7.3,4.8,1.3,27.0,6.6,72.3,0.4,76.4,5.1,0.3,0.7,1.5,2.7,56.0
41,Chuma Okeke,ORL,47,24,23,9.2,2.3,12.1,6.6,0.5,2.44,1.52,0.189,0.1,0.0,0.5,0.571,0.0,0.727,0.8,0.1,0.3,50.0,0.0,0.0,0.0,39.5,0.4,50.0,0.1,7.9,0.1,10.5,0.0,0.0,0.3,50.0,1.4,30.6,0.1,13.3,0.3,70.0,0.0,0.0,0.1,50.0,46.0,0.6,0.3,44.4,1.3,50.0,0.0,50.0,11.9,2.2,0.5,22.6,3.1,70.5,0.2,75.6,6.1,0.2,0.1,0.9,1.1,77.4
42,Cody Martin,CHA,28,7,21,26.9,7.5,43.1,21.4,2.9,4.08,3.37,0.175,0.6,0.1,1.3,1.0,1.0,0.743,6.1,0.8,2.0,38.2,0.3,0.4,75.0,30.6,3.2,52.4,0.9,15.3,0.5,7.6,0.2,3.5,1.9,38.2,1.9,24.3,1.9,33.3,0.9,70.6,0.1,100.0,0.6,64.3,44.4,0.7,0.2,31.6,2.0,35.2,0.1,36.5,10.4,3.3,0.9,25.6,5.4,61.6,0.3,65.7,7.2,1.1,0.6,1.6,2.4,65.7
43,Cody Zeller,NOP,42,26,16,7.3,1.8,12.9,7.8,0.3,1.53,0.54,0.136,1.0,0.0,2.0,0.317,0.0,0.47,0.5,0.0,0.2,12.5,0.0,0.0,50.0,21.1,0.2,47.4,0.0,10.5,0.0,5.3,0.0,5.3,0.1,12.5,0.2,50.0,0.0,0.0,0.9,42.1,0.0,0.0,0.3,54.5,43.4,1.2,0.9,70.2,2.6,48.0,0.1,49.0,3.9,1.7,0.6,33.3,2.8,58.9,0.3,65.6,5.6,0.2,0.1,1.0,1.5,63.1
44,Cole Swider,MIA,18,8,10,4.8,2.3,7.4,5.2,0.2,1.64,0.89,0.316,0.1,0.0,0.1,1.0,0.0,1.0,0.3,0.1,0.2,33.3,0.0,0.0,0.0,33.3,0.2,50.0,0.1,16.7,0.0,0.0,0.0,0.0,0.1,33.3,1.3,36.4,0.4,30.0,0.1,100.0,0.0,0.0,0.1,0.0,52.6,0.2,0.0,0.0,0.2,100.0,0.0,100.0,18.7,1.0,0.4,40.0,2.0,50.0,0.6,71.4,5.7,0.1,0.1,0.2,0.6,40.0
45,Corey Kispert,WAS,80,15,65,25.8,13.4,35.5,22.7,1.1,1.85,1.17,0.377,0.5,0.0,0.9,0.833,0.0,1.0,4.8,1.3,2.3,56.5,0.6,0.8,71.4,68.8,1.7,35.3,0.4,7.3,0.2,4.5,0.4,8.4,3.3,56.5,5.9,39.1,1.4,38.1,0.9,80.0,0.0,0.0,0.4,72.7,60.2,0.4,0.1,33.3,1.2,33.0,0.0,34.1,13.6,2.6,0.3,11.5,4.8,54.1,0.4,59.5,7.1,0.5,0.2,2.2,3.1,69.9
46,D.J. Wilson,PHI,2,1,1,7.7,5.0,10.0,6.0,0.3,1.75,0.55,0.5,0.0,0.0,2.0,0.0,0.0,1.0,0.5,0.0,0.0,0.0,0.0,0.0,0.0,0.0,0.5,100.0,0.5,100.0,0.0,0.0,0.0,0.0,0.0,0.0,3.0,100.0,0.0,0.0,2.0,50.0,0.0,0.0,0.0,0.0,83.3,1.0,1.0,100.0,3.0,33.3,0.0,33.3,3.1,1.0,0.0,0.0,3.0,33.3,0.0,33.3,2.5,0.0,1.0,1.5,2.5,60.0
47,DaQuan Jeffries,NYK,17,11,6,2.7,0.8,2.6,2.0,0.1,1.51,0.82,0.311,0.0,0.0,0.0,0.0,0.0,0.0,0.4,0.2,0.3,60.0,0.0,0.0,0.0,85.7,0.1,14.3,0.0,0.0,0.1,14.3,0.0,0.0,0.4,60.0,0.4,25.0,0.1,25.0,0.0,0.0,0.0,0.0,0.0,0.0,41.2,0.0,0.0,0.0,0.7,0.0,0.0,0.0,0.0,1.0,0.0,0.0,1.3,75.0,0.0,75.0,3.8,0.0,0.1,0.1,0.2,50.0
48,Dalano Banton,POR,53,23,30,19.0,10.0,40.2,18.0,2.7,4.04,3.35,0.25,0.3,0.0,1.2,0.556,0.0,1.154,7.4,1.2,3.1,38.6,0.6,0.9,68.8,42.3,3.0,41.3,0.7,9.0,0.5,7.2,0.5,6.2,3.1,38.6,2.5,31.4,1.0,20.8,1.4,69.6,0.0,0.0,0.2,33.3,45.5,1.0,0.4,46.2,2.0,47.0,0.1,49.4,7.3,3.2,0.7,22.7,4.8,67.7,0.2,71.0,7.0,0.6,0.4,1.1,1.5,71.3
49,Dalen Terry,CHI,58,27,31,11.7,3.1,18.3,8.4,0.8,2.65,2.38,0.169,0.2,0.0,0.6,0.6,0.0,0.412,2.4,0.4,0.7,55.3,0.1,0.3,50.0,35.2,1.6,63.4,0.2,7.7,0.1,3.5,0.1,5.6,0.9,55.3,0.8,22.7,0.1,8.3,0.2,70.0,0.0,0.0,0.1,100.0,49.4,0.7,0.3,37.9,1.3,55.8,0.0,58.0,9.1,2.0,0.3,15.7,3.1,64.3,0.3,70.9,6.2,0.5,0.3,0.6,1.0,55.2
50,Daniel Gafford,DAL,73,29,44,24.5,10.9,37.3,20.0,0.9,1.39,0.28,0.292,2.3,0.4,7.0,0.876,0.968,1.128,0.7,0.2,0.4,35.5,0.1,0.2,66.7,64.6,0.1,12.5,0.0,0.0,0.0,6.3,0.1,12.5,0.4,35.5,0.2,70.0,0.0,25.0,7.8,75.1,0.4,73.7,2.0,75.3,72.1,2.7,1.8,69.2,6.4,41.5,0.1,42.2,4.8,4.9,1.6,33.3,9.3,52.9,1.1,60.1,4.4,0.9,2.0,4.4,8.0,55.4
51,Daniel Theis,LAC,59,37,22,16.8,6.3,22.3,11.7,0.5,1.47,0.36,0.282,1.7,0.1,3.5,0.592,0.5,0.859,0.3,0.1,0.2,44.4,0.1,0.1,100.0,75.0,0.1,18.8,0.0,12.5,0.0,12.5,0.0,12.5,0.2,44.4,1.5,38.4,0.3,66.7,3.0,60.5,0.1,50.0,1.0,60.0,58.2,1.5,1.0,65.9,3.2,47.1,0.1,48.2,5.4,2.8,0.9,31.6,5.8,48.9,0.8,56.3,4.4,0.4,0.8,2.7,4.3,61.8
52,Danilo Gallinari,MIL,49,15,34,12.8,5.7,21.6,13.0,0.8,2.17,0.77,0.264,0.7,0.8,1.3,0.576,0.538,0.968,0.9,0.3,0.4,61.9,0.3,0.3,93.8,91.3,0.2,21.7,0.1,8.7,0.1,6.5,0.2,17.4,0.9,61.9,1.8,33.3,1.0,40.7,1.2,63.6,0.4,53.3,0.4,61.5,51.6,0.5,0.2,50.0,1.2,37.7,0.0,38.5,9.0,2.0,0.6,30.7,3.3,61.5,0.3,66.7,5.7,0.3,0.1,1.5,2.1,73.5
53,Danuel House Jr.,PHI,34,21,13,15.0,4.2,18.5,8.7,0.7,2.27,1.25,0.229,0.3,0.0,0.7,0.4,0.0,0.667,1.4,0.2,0.5,50.0,0.3,0.4,78.6,56.3,0.5,37.5,0.0,2.1,0.1,4.2,0.2,14.6,0.8,50.0,1.1,31.6,0.4,25.0,0.5,54.5,0.0,0.0,0.1,66.7,51.9,0.6,0.4,68.8,1.7,36.4,0.1,38.1,8.8,1.6,0.4,26.2,3.3,48.8,0.5,58.3,8.1,0.4,0.1,0.9,1.2,73.2
54,Dario Saric,GSW,63,35,28,17.4,8.1,35.7,21.9,1.1,1.8,0.91,0.228,1.5,1.6,2.8,0.385,0.394,0.608,2.4,0.4,0.9,50.0,0.5,0.6,84.2,60.5,1.0,42.1,0.3,14.5,0.1,5.9,0.3,12.5,1.5,50.0,3.7,39.7,0.2,22.2,1.7,66.7,0.6,64.3,0.6,57.1,56.2,1.2,0.7,59.2,3.2,38.2,0.2,40.6,7.8,3.6,1.2,34.1,6.3,57.3,0.6,63.4,5.2,0.5,0.2,2.4,3.7,64.5
55,Dariq Whitehead,BKN,2,1,1,12.0,1.5,15.0,6.5,0.5,2.06,1.8,0.1,0.5,0.0,0.0,2.0,0.0,0.0,1.5,0.0,0.0,0.0,0.5,1.0,50.0,33.3,1.0,66.7,0.5,33.3,0.0,0.0,0.5,33.3,0.5,0.0,0.0,0.0,1.0,100.0,0.0,0.0,0.0,0.0,1.0,100.0,20.0,0.0,0.0,0.0,1.0,0.0,0.0,0.0,0.0,4.0,1.0,25.0,5.0,80.0,0.0,80.0,9.6,0.0,0.5,1.5,1.5,100.0
56,Darius Bazley,UTA,9,2,7,16.9,5.3,23.8,11.2,0.8,1.92,1.02,0.224,0.7,0.1,1.7,1.333,0.0,1.133,3.2,0.6,0.8,71.4,0.4,0.7,66.7,48.3,1.7,51.7,0.4,13.8,0.3,10.3,0.3,10.3,1.6,71.4,0.7,33.3,0.2,25.0,1.9,80.0,0.0,0.0,0.9,100.0,63.3,1.3,0.8,62.5,3.2,42.1,0.2,44.4,6.5,3.3,1.5,45.0,5.2,64.5,0.2,66.7,5.2,0.7,0.8,1.7,3.3,50.0
57,David Roddy,PHX,64,25,39,18.3,6.6,26.4,14.8,1.1,2.42,1.65,0.25,0.6,0.1,1.1,0.757,0.75,0.706,3.9,0.8,1.9,42.9,0.3,0.5,68.8,51.4,1.4,35.6,0.3,6.5,0.2,6.1,0.3,6.5,2.0,42.9,2.2,31.1,0.3,20.5,0.8,59.5,0.1,60.0,0.4,60.0,46.5,1.0,0.5,49.0,2.2,45.5,0.0,45.9,9.1,3.0,0.5,17.5,4.9,61.1,0.4,66.4,6.1,0.4,0.2,1.2,1.8,66.1
58,Davis Bertans,CHA,42,19,23,15.4,6.6,16.3,11.2,0.4,1.37,0.53,0.407,0.2,0.0,0.5,0.5,0.0,0.727,0.6,0.1,0.1,66.7,0.0,0.0,100.0,40.7,0.4,59.3,0.0,3.7,0.0,3.7,0.0,3.7,0.3,66.7,4.9,39.0,0.6,31.0,0.4,46.2,0.0,0.0,0.1,50.0,55.5,0.3,0.2,62.5,1.0,30.8,0.0,30.8,8.6,1.9,0.4,24.0,3.1,59.5,0.3,66.7,7.8,0.6,0.3,0.9,1.3,67.3
59,De'Andre Hunter,ATL,57,26,31,29.5,15.6,43.5,25.2,1.4,1.92,1.09,0.359,0.7,0.6,1.1,0.786,0.686,1.231,4.9,1.4,2.8,50.3,0.8,0.9,82.7,77.6,1.2,24.2,0.4,7.2,0.2,4.7,0.5,9.4,3.8,50.3,5.2,39.0,3.3,41.4,1.4,74.4,0.4,50.0,0.6,57.7,54.7,0.6,0.2,35.5,1.6,36.0,0.1,37.8,10.7,3.5,1.1,30.9,5.7,60.4,0.5,65.9,6.1,0.7,0.3,2.2,2.8,76.5
60,DeMar DeRozan,CHI,78,37,41,37.8,24.0,64.4,34.1,5.1,4.73,4.16,0.373,1.1,2.1,0.7,0.529,0.586,0.862,14.8,3.6,6.5,55.5,2.8,3.2,87.7,70.0,5.7,38.2,1.2,8.3,0.6,4.0,1.6,11.1,10.4,55.5,3.2,36.9,7.6,45.2,0.6,62.5,1.2,47.3,0.6,44.7,50.9,0.6,0.2,35.7,1.9,29.8,0.1,30.7,11.5,3.8,0.6,15.7,6.4,58.9,0.6,64.9,8.5,1.2,0.6,2.2,3.1,71.7
61,Dean Wade,CLE,54,36,18,20.5,5.4,26.2,14.0,0.6,1.41,0.43,0.205,0.2,0.0,0.7,0.692,0.0,0.625,0.8,0.0,0.1,16.7,0.0,0.0,100.0,9.8,0.5,70.7,0.1,9.8,0.1,9.8,0.0,2.4,0.1,16.7,4.1,37.5,0.4,66.7,0.5,87.5,0.0,0.0,0.2,100.0,58.4,0.7,0.3,40.5,1.5,48.7,0.0,49.3,9.6,3.5,0.7,20.4,6.1,57.1,0.6,63.7,5.4,0.7,0.5,1.9,3.0,64.8
62,Deni Avdija,WAS,75,14,61,30.1,14.7,55.5,24.5,2.7,2.92,2.23,0.265,1.3,0.4,1.8,0.875,0.333,0.884,8.7,1.9,3.6,54.5,0.9,1.2,77.3,57.7,3.4,39.1,0.9,10.0,0.6,7.2,0.6,6.7,5.0,54.5,2.8,40.4,1.3,30.3,1.6,54.8,0.1,44.4,1.1,62.1,56.0,1.1,0.6,51.2,3.4,33.2,0.1,34.0,8.3,6.1,1.4,22.8,9.7,62.6,0.8,68.3,4.6,0.8,0.5,3.9,5.6,69.7
63,Derrick Jones Jr.,DAL,75,46,29,23.5,8.6,26.1,14.1,0.7,1.68,0.93,0.329,0.5,0.0,1.9,0.564,0.0,0.893,2.5,0.8,1.3,60.6,0.5,0.6,72.9,83.7,0.6,23.7,0.2,6.3,0.2,9.5,0.3,12.1,2.1,60.6,3.1,34.8,0.3,36.0,1.7,63.4,0.0,0.0,0.3,40.0,56.4,1.2,0.6,48.8,2.4,48.5,0.2,51.9,8.5,2.4,0.6,25.1,4.4,54.8,0.3,59.0,8.9,0.7,0.7,1.1,1.9,58.9
64,Devin Vassell,SAS,68,17,51,33.1,19.5,56.6,38.6,2.8,3.01,2.17,0.344,0.6,0.0,0.6,0.75,0.0,1.103,8.8,2.3,4.1,56.0,0.8,1.0,81.2,64.7,3.5,40.0,0.7,8.2,0.5,5.7,0.5,5.9,5.7,56.0,5.2,38.8,6.5,41.5,0.6,78.3,0.0,0.0,0.4,65.0,55.0,0.4,0.1,25.9,1.0,42.9,0.0,43.5,13.0,3.5,0.7,20.5,5.4,65.7,0.4,71.1,8.0,1.1,0.3,1.6,2.4,65.2
65,Dillon Brooks,HOU,72,36,36,30.9,12.7,33.5,21.0,1.3,2.33,1.56,0.38,0.7,0.8,1.3,0.796,0.621,1.052,4.5,1.2,2.6,45.9,0.6,0.7,90.2,68.6,1.1,25.2,0.3,5.9,0.4,8.4,0.4,8.1,3.1,45.9,4.3,36.2,2.4,39.0,1.4,63.8,0.5,51.9,0.5,71.4,51.5,0.8,0.4,47.2,2.0,37.1,0.1,38.7,9.6,2.8,0.6,23.3,4.8,57.6,0.6,65.6,7.3,0.9,0.1,1.7,2.4,69.9
66,Domantas Sabonis,SAC,82,46,36,35.7,19.4,91.5,54.3,3.7,2.45,1.54,0.212,8.2,3.4,9.8,0.571,0.44,0.824,6.0,1.4,2.3,60.6,0.6,0.9,67.1,58.5,2.6,42.9,0.6,9.8,0.5,7.5,0.5,7.7,3.5,60.6,1.9,40.9,0.6,46.8,8.1,64.3,1.5,53.1,4.7,61.4,60.9,3.6,2.3,63.3,8.3,43.2,0.3,44.6,4.8,10.1,2.6,25.7,15.4,65.3,1.5,72.4,5.0,0.9,0.6,4.4,6.9,63.5
67,Dominick Barlow,SAS,32,6,26,12.2,3.9,17.3,10.1,0.5,1.67,0.83,0.226,0.9,0.1,2.3,0.533,2.0,0.819,1.3,0.2,0.7,28.6,0.2,0.3,62.5,42.5,0.4,30.0,0.1,10.0,0.0,2.5,0.1,10.0,0.5,28.6,0.8,42.9,0.1,33.3,1.8,61.0,0.1,100.0,0.5,58.3,49.0,1.4,1.0,67.5,2.7,52.6,0.1,54.8,5.5,2.3,0.8,35.4,4.1,56.0,0.3,60.7,6.0,0.3,0.4,2.3,3.7,64.1
68,Dorian Finney-Smith,BKN,66,28,38,28.3,8.5,37.7,21.8,1.0,1.61,0.7,0.224,0.6,0.1,1.8,0.324,1.5,0.504,3.1,0.5,1.1,51.4,0.2,0.2,83.3,40.2,1.6,51.5,0.3,9.8,0.3,8.8,0.1,2.9,1.2,51.4,4.8,35.2,0.4,30.3,0.9,51.9,0.1,100.0,0.2,55.6,53.4,1.6,0.9,55.2,3.3,49.3,0.1,50.5,7.7,3.1,0.8,25.6,6.2,50.6,0.8,58.0,6.6,0.8,0.6,2.4,3.9,62.7
69,Doug McDermott,IND,64,22,42,14.1,5.5,17.5,12.8,0.4,1.37,0.55,0.313,0.1,0.0,0.3,0.889,0.0,1.0,1.0,0.1,0.3,20.0,0.1,0.2,70.0,25.4,0.6,57.1,0.1,9.5,0.0,3.2,0.1,7.9,0.3,20.0,4.0,41.2,0.7,45.7,0.3,69.2,0.0,0.0,0.1,80.0,59.9,0.3,0.0,10.0,0.7,38.5,0.0,40.0,15.0,1.3,0.2,14.3,2.4,55.1,0.2,61.3,10.8,0.3,0.0,0.8,1.3,66.7
70,Draymond Green,GSW,54,33,21,27.1,8.7,60.5,32.3,2.0,1.98,0.93,0.143,1.8,1.1,2.8,0.5,0.121,0.673,2.8,0.6,1.3,47.8,0.3,0.3,94.4,56.4,1.1,40.3,0.2,8.1,0.2,6.7,0.2,6.0,1.6,47.8,2.9,39.0,0.1,27.3,1.9,60.5,0.1,22.2,0.9,67.7,56.6,1.4,0.9,66.2,3.0,45.7,0.1,46.5,6.0,5.9,1.5,26.0,8.9,66.2,0.7,71.8,5.1,1.0,0.9,2.3,3.8,60.3
71,Drew Eubanks,PHX,74,42,32,15.6,5.1,21.1,12.1,0.6,1.67,0.54,0.243,1.7,0.1,3.5,0.857,0.222,0.848,0.7,0.1,0.4,37.9,0.1,0.1,75.0,52.8,0.2,28.3,0.0,1.9,0.1,9.4,0.1,7.5,0.4,37.9,0.2,40.0,0.1,30.0,2.9,68.1,0.0,33.3,1.5,68.2,60.7,1.5,0.9,61.4,3.8,39.6,0.1,41.2,4.8,3.2,1.0,29.9,5.1,62.4,0.3,66.5,4.8,0.4,0.8,1.8,3.1,57.5
72,Drew Peterson,BOS,3,3,0,7.6,3.7,8.3,4.3,0.2,1.47,0.76,0.44,0.3,0.0,0.3,2.0,0.0,2.0,0.0,0.0,0.0,0.0,0.0,0.0,0.0,0.0,0.0,0.0,0.0,0.0,0.0,0.0,0.0,0.0,0.0,0.0,3.0,60.0,0.0,0.0,0.7,100.0,0.0,0.0,0.7,100.0,91.7,0.0,0.0,0.0,0.0,0.0,0.0,0.0,0.0,1.0,0.0,0.0,2.0,50.0,1.0,100.0,6.2,0.7,0.0,0.0,0.0,0.0
73,Duncan Robinson,MIA,68,38,30,28.0,12.9,38.2,28.2,1.3,2.1,1.27,0.337,0.4,0.0,1.0,0.88,0.0,0.877,5.2,1.0,1.8,53.3,0.3,0.4,75.0,41.9,2.7,51.7,0.7,13.2,0.4,7.9,0.2,3.4,2.2,53.3,5.5,39.2,3.1,41.5,0.8,70.3,0.0,0.0,0.3,55.0,58.9,0.3,0.1,46.7,0.7,34.1,0.1,36.6,11.2,2.6,0.4,16.6,4.4,59.5,0.3,64.1,8.5,0.7,0.2,1.5,2.0,74.6
74,Dwight Powell,DAL,62,37,25,13.3,3.3,18.3,10.7,0.5,1.61,0.52,0.181,1.5,0.0,3.2,0.389,0.667,0.761,0.1,0.0,0.0,100.0,0.0,0.0,0.0,50.0,0.1,66.7,0.0,16.7,0.0,0.0,0.0,0.0,0.0,100.0,0.0,33.3,0.0,0.0,2.5,74.1,0.0,0.0,0.6,57.1,68.8,1.9,1.0,51.0,4.3,44.4,0.1,45.3,6.4,2.3,0.5,23.3,4.4,52.7,0.5,59.5,6.5,0.4,0.3,1.7,2.6,63.8
75,Dylan Windler,ATL,17,9,8,6.4,2.5,8.1,5.3,0.2,1.63,0.7,0.314,0.2,0.0,0.3,0.667,0.0,0.8,0.6,0.0,0.1,0.0,0.0,0.0,0.0,0.0,0.6,90.9,0.2,36.4,0.0,0.0,0.0,0.0,0.0,0.0,1.8,43.5,0.5,60.0,0.2,100.0,0.0,0.0,0.1,100.0,71.7,0.4,0.3,66.7,1.6,23.1,0.0,23.1,10.0,1.5,0.3,16.7,3.0,50.0,0.4,57.1,5.6,0.1,0.0,0.6,0.8,78.6
76,E.J. Liddell,NOP,8,3,5,2.9,0.5,4.5,2.4,0.1,1.98,1.36,0.111,0.0,0.0,0.0,0.0,0.0,0.0,0.5,0.1,0.1,100.0,0.3,0.3,100.0,100.0,0.1,25.0,0.0,0.0,0.1,25.0,0.1,25.0,0.5,100.0,0.0,0.0,0.0,0.0,0.0,0.0,0.0,0.0,0.0,0.0,16.7,0.0,0.0,0.0,0.0,0.0,0.0,0.0,0.0,1.7,0.7,40.0,1.7,100.0,0.0,100.0,4.7,0.3,0.3,0.3,0.6,40.0
77,Emoni Bates,CLE,15,8,7,8.9,2.7,10.7,6.8,0.5,2.73,2.21,0.256,0.1,0.0,0.2,0.0,0.0,0.0,1.1,0.2,0.5,37.5,0.0,0.1,0.0,35.3,0.3,29.4,0.1,5.9,0.1,5.9,0.1,5.9,0.4,37.5,1.0,26.3,1.3,33.3,0.0,0.0,0.0,0.0,0.0,0.0,40.8,0.1,0.0,0.0,1.1,12.5,0.1,14.3,2.8,1.9,0.6,30.8,2.3,81.3,0.0,81.3,6.0,0.1,0.1,0.4,0.5,75.0
78,Eugene Omoruyi,WAS,43,5,38,9.1,4.8,14.5,8.2,0.5,1.9,0.96,0.331,0.5,0.1,1.8,0.905,0.5,0.987,0.9,0.3,0.6,42.3,0.1,0.2,60.0,72.5,0.2,20.0,0.0,2.5,0.0,2.5,0.1,12.5,0.7,42.3,0.8,30.0,0.2,33.3,1.7,60.0,0.0,33.3,0.4,61.5,52.4,1.0,0.8,81.8,2.8,36.3,0.1,37.9,4.6,1.6,0.4,26.0,2.7,57.5,0.3,63.3,6.5,0.6,0.1,0.7,1.1,65.3
79,Evan Fournier,DET,31,8,23,18.4,7.1,27.5,17.5,1.2,2.57,1.9,0.258,0.2,0.0,0.3,0.286,0.0,0.6,3.5,0.8,1.5,50.0,0.4,0.5,78.6,55.0,1.5,42.2,0.4,11.0,0.2,5.5,0.2,6.4,1.9,50.0,2.5,28.9,2.6,39.1,0.2,60.0,0.0,0.0,0.1,20.0,43.8,0.2,0.1,40.0,0.7,27.8,0.1,31.3,11.9,1.9,0.3,13.7,3.5,53.7,0.6,65.4,8.9,0.9,0.2,1.1,1.4,75.0
80,Franz Wagner,ORL,72,44,28,32.5,19.7,57.3,32.2,3.7,3.83,3.16,0.344,0.9,0.7,2.1,0.716,0.542,1.039,11.7,3.4,6.3,53.6,1.7,2.0,84.0,73.7,3.4,29.4,1.0,8.8,0.7,5.8,1.0,8.5,8.6,53.6,2.6,28.7,2.0,29.3,2.2,64.9,0.4,52.6,0.7,58.1,52.5,1.0,0.4,36.1,2.9,34.4,0.0,35.0,10.9,4.4,0.7,16.8,6.5,66.5,0.3,69.4,7.2,1.1,0.4,1.7,2.5,70.6
81,Furkan Korkmaz,PHI,35,22,13,8.6,2.5,12.8,5.8,0.7,3.47,3.18,0.196,0.1,0.0,0.1,0.0,0.0,0.667,1.1,0.3,0.7,39.1,0.1,0.2,83.3,60.0,0.3,22.5,0.1,5.0,0.1,10.0,0.1,7.5,0.7,39.1,0.8,31.0,0.5,33.3,0.1,100.0,0.0,0.0,0.0,0.0,48.7,0.3,0.1,25.0,0.6,40.0,0.0,40.0,23.4,1.6,0.3,15.4,2.6,61.9,0.1,65.0,8.4,0.4,0.1,0.4,0.6,71.4
82,GG Jackson,MEM,48,14,34,25.7,14.6,39.7,22.8,1.9,2.8,2.09,0.367,0.6,0.1,2.0,1.0,0.667,1.095,5.7,1.4,3.0,45.5,1.1,1.5,72.9,67.9,1.3,23.4,0.3,4.4,0.5,9.1,0.7,12.8,3.9,45.5,5.2,36.4,1.7,29.8,2.2,70.5,0.1,33.3,0.6,76.5,51.9,1.2,0.7,60.4,2.8,44.2,0.1,45.3,7.3,3.3,0.6,17.5,5.4,61.1,0.6,68.1,6.1,0.6,0.5,1.6,2.4,65.5
83,Garrett Temple,TOR,27,5,22,10.7,3.3,17.1,8.4,0.8,2.69,2.08,0.19,0.3,0.0,1.1,0.714,0.0,0.567,0.8,0.1,0.2,33.3,0.1,0.1,75.0,33.3,0.4,47.6,0.1,9.5,0.1,9.5,0.1,9.5,0.3,33.3,1.2,33.3,0.1,8.3,0.6,46.2,0.0,0.0,0.2,66.7,44.9,0.9,0.6,61.1,1.6,58.1,0.1,60.0,9.2,1.4,0.2,14.8,3.0,45.8,0.5,55.1,7.6,0.4,0.1,1.1,1.6,65.9
84,Georges Niang,CLE,82,48,34,22.3,9.4,36.3,19.3,1.0,1.64,0.76,0.258,0.2,0.1,0.6,0.789,0.444,0.887,3.8,1.1,2.0,54.2,0.3,0.4,79.4,67.6,1.2,32.1,0.3,6.7,0.2,6.3,0.2,5.4,2.6,54.2,4.9,38.6,1.0,40.2,0.6,63.6,0.0,50.0,0.2,60.0,56.7,0.3,0.1,31.8,1.0,28.2,0.0,28.9,15.5,3.2,0.6,19.9,5.5,58.7,0.6,66.0,6.3,0.4,0.2,1.7,2.6,67.8
85,Giannis Antetokounmpo,MIL,73,45,28,35.2,30.4,79.7,39.9,4.7,3.53,2.53,0.382,4.2,2.8,6.4,0.572,0.544,1.12,15.1,3.6,5.9,61.0,2.5,3.6,69.7,67.2,5.6,37.5,1.4,9.3,1.0,6.9,1.8,12.0,10.1,61.0,0.6,30.8,2.7,31.5,7.2,75.3,1.5,61.7,2.4,67.6,62.4,2.7,1.8,65.3,5.4,49.4,0.2,51.3,6.8,8.8,2.1,23.7,12.6,70.0,0.8,74.6,4.9,1.2,1.1,2.5,4.6,55.3
86,Goga Bitadze,ORL,62,34,28,15.4,5.0,22.3,14.1,0.7,1.76,0.67,0.225,1.3,0.3,4.3,0.383,0.684,0.936,0.2,0.0,0.1,75.0,0.0,0.0,50.0,70.0,0.0,30.0,0.0,10.0,0.0,10.0,0.0,10.0,0.1,75.0,0.1,13.3,0.0,0.0,4.0,66.0,0.2,42.9,0.5,60.0,60.8,2.1,1.3,60.2,5.2,41.1,0.2,42.7,4.0,3.5,1.0,29.9,6.1,57.3,0.6,64.1,4.2,0.5,1.2,2.2,3.9,55.1
87,Gordon Hayward,OKC,51,25,26,24.4,9.8,37.0,24.9,1.7,2.8,1.89,0.265,0.7,0.3,1.6,0.514,0.647,0.667,7.0,1.2,2.7,46.3,0.9,1.3,70.3,49.6,2.9,41.7,0.8,11.2,0.5,6.7,0.6,9.2,3.5,46.3,2.5,45.2,1.8,37.3,1.1,52.4,0.2,40.0,0.4,46.7,51.0,0.8,0.3,34.2,1.6,51.4,0.1,54.3,8.1,3.0,0.5,16.8,4.7,65.3,0.4,71.1,8.5,0.8,0.3,1.3,1.8,74.4
88,Gradey Dick,TOR,59,18,41,20.8,8.5,21.5,16.3,0.6,1.79,1.11,0.395,0.5,0.0,0.7,1.033,0.0,1.0,2.3,0.5,1.2,40.6,0.1,0.2,80.0,47.4,0.7,31.4,0.1,5.1,0.3,11.7,0.1,3.6,1.1,40.6,4.2,40.8,1.2,30.9,0.7,74.1,0.0,0.0,0.5,66.7,52.6,0.6,0.2,44.0,1.4,38.5,0.1,41.7,10.1,2.3,0.4,18.6,3.5,65.0,0.3,70.8,7.7,0.6,0.0,1.2,1.6,73.2
89,Grant Williams,CHA,75,33,42,27.9,10.3,37.8,23.1,1.2,1.84,0.76,0.273,1.1,1.0,2.2,0.43,0.541,0.756,2.6,0.6,1.2,51.1,0.3,0.4,75.0,62.7,0.8,31.6,0.3,9.8,0.2,9.3,0.2,8.3,1.6,51.1,4.7,36.8,0.9,37.3,1.7,70.0,0.5,50.0,0.5,51.9,55.8,1.2,0.7,55.3,3.1,39.2,0.1,40.7,8.6,3.2,0.9,29.1,6.6,48.4,0.8,55.5,5.7,0.5,0.5,2.3,3.1,73.8
90,Greg Brown III,DAL,6,3,3,6.6,2.5,6.0,3.5,0.2,1.76,0.7,0.417,0.2,0.0,1.0,0.0,0.0,1.0,0.2,0.0,0.2,0.0,0.0,0.0,0.0,0.0,0.0,0.0,0.0,0.0,0.0,0.0,0.0,0.0,0.0,0.0,0.5,33.3,0.0,0.0,1.0,66.7,0.0,0.0,0.0,0.0,50.0,1.0,0.5,50.0,2.0,50.0,0.0,50.0,1.8,2.5,1.0,40.0,5.0,50.0,1.0,62.5,3.7,0.0,0.7,0.7,1.0,66.7
91,Gui Santos,GSW,22,17,5,8.5,3.7,11.2,6.9,0.4,1.95,1.18,0.333,0.4,0.0,1.3,0.5,0.0,0.931,0.9,0.1,0.4,37.5,0.1,0.2,75.0,47.4,0.4,42.1,0.0,0.0,0.0,5.3,0.1,10.5,0.4,37.5,1.4,41.7,0.0,0.0,1.2,76.9,0.0,0.0,0.2,50.0,60.0,1.2,0.5,41.2,2.9,41.5,0.1,43.6,8.2,2.1,0.5,23.3,3.3,65.2,0.4,73.2,6.1,0.2,0.1,0.7,1.1,62.5
92,Harrison Barnes,SAC,82,46,36,29.0,12.2,35.3,22.6,1.2,2.01,1.14,0.346,0.5,0.6,1.5,0.444,0.627,0.877,4.6,1.2,2.3,53.7,0.7,0.9,74.0,70.6,1.5,31.5,0.3,6.9,0.2,4.0,0.5,10.3,3.3,53.7,4.6,38.1,1.6,48.6,1.3,72.3,0.4,50.0,0.2,63.6,57.6,0.9,0.3,31.3,2.2,40.1,0.1,41.6,11.8,2.4,0.6,23.2,4.2,57.3,0.4,63.5,8.4,0.7,0.1,1.5,2.5,61.5
93,Harry Giles III,LAL,23,11,12,4.3,2.4,6.7,3.8,0.2,2.0,0.81,0.361,0.3,0.2,0.8,0.857,0.8,0.789,0.5,0.2,0.4,50.0,0.0,0.0,0.0,100.0,0.0,9.1,0.0,0.0,0.0,0.0,0.0,0.0,0.5,50.0,0.5,26.7,0.0,0.0,0.7,58.3,0.2,66.7,0.3,75.0,49.0,0.9,0.7,75.0,1.5,63.2,0.1,66.7,6.5,1.4,0.5,33.3,2.0,69.2,0.1,72.0,5.1,0.1,0.1,0.6,0.9,66.7
94,Haywood Highsmith,MIA,66,39,27,20.7,6.1,24.0,13.3,0.7,1.84,1.0,0.256,0.3,0.1,1.9,0.261,0.5,0.528,1.0,0.2,0.4,52.0,0.1,0.1,100.0,45.5,0.5,51.5,0.1,7.6,0.1,7.6,0.0,3.0,0.5,52.0,3.3,39.8,0.3,47.6,1.0,54.4,0.0,100.0,0.1,50.0,58.1,1.1,0.6,49.2,2.1,53.3,0.1,56.0,8.3,2.5,0.5,20.7,4.1,60.9,0.4,66.8,8.2,0.8,0.5,1.5,2.4,63.5
95,Henri Drell,CHI,4,2,2,7.5,2.8,10.8,5.3,0.3,1.94,1.0,0.256,0.0,0.0,0.3,0.0,0.0,2.0,1.0,0.0,0.5,0.0,0.0,0.0,0.0,0.0,0.5,50.0,0.3,25.0,0.0,0.0,0.0,0.0,0.0,0.0,1.5,33.3,0.0,0.0,0.5,100.0,0.0,0.0,0.0,0.0,50.0,0.3,0.3,100.0,1.0,33.3,0.0,33.3,1.5,1.0,0.3,33.3,1.7,60.0,0.0,60.0,5.9,0.5,0.3,0.0,0.3,0.0
96,Herbert Jones,NOP,75,46,29,30.6,11.0,43.1,23.0,1.8,2.52,1.53,0.256,0.5,0.0,1.4,0.55,0.0,0.75,3.3,0.7,1.6,45.5,0.4,0.5,88.2,58.9,1.1,33.3,0.3,8.9,0.3,8.1,0.2,6.9,1.9,45.5,4.7,42.8,0.2,24.1,1.1,72.9,0.0,0.0,0.3,77.8,59.9,1.0,0.3,31.4,2.1,47.6,0.1,50.0,9.9,2.7,0.8,28.2,5.2,52.8,0.6,60.2,8.9,1.4,0.8,1.9,2.9,67.0
97,Hunter Tyson,DEN,17,13,4,2.7,1.0,4.2,2.6,0.1,2.08,1.01,0.236,0.2,0.0,0.1,0.667,0.0,0.0,0.4,0.1,0.1,50.0,0.0,0.0,0.0,33.3,0.2,50.0,0.1,16.7,0.1,16.7,0.0,0.0,0.1,50.0,0.6,33.3,0.1,33.3,0.0,0.0,0.0,0.0,0.1,100.0,44.7,0.1,0.0,0.0,0.6,25.0,0.0,25.0,8.9,1.0,0.3,28.6,1.4,70.0,0.0,70.0,7.4,0.1,0.0,0.2,0.2,100.0
98,Isaac Okoro,CLE,69,41,28,27.3,9.4,30.7,19.8,1.1,2.23,1.62,0.306,0.3,0.1,1.4,0.652,0.4,0.691,3.8,0.7,1.7,42.7,0.3,0.4,76.9,47.1,1.6,42.5,0.5,14.2,0.2,6.1,0.2,5.0,1.8,42.7,3.5,39.6,0.3,41.2,1.0,67.4,0.0,33.3,0.2,75.0,57.7,1.1,0.5,50.7,2.3,45.9,0.1,47.2,9.3,2.2,0.5,20.9,4.1,53.9,0.4,60.2,9.7,0.8,0.5,1.2,1.8,68.0
99,Isaiah Hartenstein,NYK,75,47,28,25.3,7.8,41.0,22.4,1.0,1.52,0.43,0.189,3.1,0.2,6.7,0.498,1.0,0.788,0.8,0.3,0.4,71.4,0.1,0.1,90.0,83.6,0.2,29.5,0.1,6.6,0.1,16.4,0.1,8.2,0.7,71.4,0.4,48.3,0.2,60.0,5.2,65.7,0.2,60.0,1.5,58.5,64.5,3.3,2.3,69.3,6.5,49.8,0.1,50.5,4.7,5.1,1.7,34.3,8.4,60.5,0.6,65.5,5.0,1.2,1.1,3.1,5.8,52.5
100,Isaiah Jackson,IND,60,37,23,12.8,6.4,15.9,10.3,0.3,1.31,0.47,0.402,1.4,0.4,4.4,0.624,0.652,1.008,0.5,0.2,0.3,52.9,0.1,0.1,71.4,81.5,0.1,14.8,0.0,0.0,0.1,11.1,0.1,14.8,0.4,52.9,0.1,42.9,0.1,33.3,4.4,67.3,0.3,58.3,0.9,64.5,66.5,1.8,1.3,73.4,4.0,45.2,0.1,46.5,4.8,2.8,1.1,38.9,4.7,58.5,0.5,65.2,4.4,0.6,1.0,1.9,3.3,57.1
101,Isaiah Livers,DET,23,1,22,20.4,5.0,19.9,11.8,0.6,1.79,0.99,0.249,0.5,0.0,0.9,0.273,0.0,0.857,1.3,0.2,0.5,41.7,0.1,0.1,100.0,43.3,0.5,36.7,0.1,10.0,0.1,10.0,0.0,3.3,0.6,41.7,2.6,29.9,0.5,26.3,0.8,81.8,0.0,0.0,0.1,100.0,44.0,0.8,0.3,40.0,1.7,50.0,0.0,50.0,13.1,1.8,0.2,9.4,3.7,48.5,0.4,55.2,8.7,0.6,0.2,1.3,1.8,70.7
102,Isaiah Mobley,CLE,10,2,8,7.2,2.3,13.2,7.1,0.5,2.13,1.16,0.174,0.5,0.2,0.8,0.8,1.0,0.75,0.8,0.1,0.4,25.0,0.0,0.0,0.0,25.0,0.2,25.0,0.0,0.0,0.1,12.5,0.0,0.0,0.2,25.0,0.9,30.0,0.0,0.0,0.6,50.0,0.2,100.0,0.4,100.0,47.9,0.6,0.4,66.7,1.2,50.0,0.0,50.0,9.3,1.4,0.4,28.6,1.8,77.8,0.0,77.8,6.4,0.2,0.0,0.7,0.7,100.0
103,Isaiah Stewart,DET,45,9,36,30.9,11.1,36.5,21.7,1.0,1.61,0.72,0.303,1.3,1.4,4.6,0.644,0.477,0.876,1.6,0.4,0.7,48.5,0.2,0.2,80.0,56.2,0.5,32.9,0.1,8.2,0.2,12.3,0.1,6.8,0.9,48.5,4.2,38.1,0.4,50.0,4.1,63.2,0.7,36.4,0.8,69.6,57.7,1.6,0.9,56.8,3.8,43.5,0.1,44.8,6.9,5.0,1.0,20.7,7.7,65.4,0.5,70.1,4.9,0.3,0.8,2.3,4.3,53.9
104,Ish Wainright,PHX,11,2,9,5.7,2.1,8.9,5.8,0.2,1.59,0.92,0.235,0.2,0.0,0.4,0.0,0.0,0.0,0.4,0.0,0.2,0.0,0.0,0.0,0.0,0.0,0.1,25.0,0.0,0.0,0.1,25.0,0.0,0.0,0.0,0.0,1.6,33.3,0.3,33.3,0.0,0.0,0.0,0.0,0.0,0.0,43.8,0.5,0.3,66.7,1.2,42.9,0.2,50.0,5.6,1.8,0.7,36.4,2.3,78.6,0.2,84.6,5.8,0.4,0.1,0.0,0.0,0.0
105,JT Thor,CHA,62,15,47,12.4,3.1,16.4,8.5,0.4,1.47,0.54,0.191,0.2,0.0,1.0,1.077,0.0,0.714,1.0,0.2,0.5,34.5,0.1,0.1,62.5,42.4,0.4,37.3,0.0,1.7,0.0,3.4,0.1,6.8,0.4,34.5,1.5,38.2,0.0,9.1,0.7,53.8,0.0,0.0,0.2,87.5,50.6,0.9,0.6,62.8,1.7,50.6,0.0,51.8,8.4,2.1,0.6,28.4,3.5,59.0,0.4,66.7,7.0,0.2,0.4,1.2,1.8,63.7
106,JaVale McGee,SAC,46,28,18,7.4,4.0,11.6,7.2,0.3,1.5,0.45,0.346,1.5,0.2,2.7,0.515,0.556,1.079,0.6,0.1,0.4,26.3,0.0,0.0,0.0,40.7,0.2,25.9,0.0,3.7,0.0,3.7,0.0,0.0,0.2,26.3,0.2,33.3,0.0,0.0,3.0,73.5,0.1,50.0,0.8,66.7,60.2,1.1,0.8,73.8,2.1,52.5,0.0,52.5,5.3,2.1,0.8,36.6,3.1,67.8,0.2,73.2,4.3,0.3,0.4,0.7,1.4,51.5
107,Jabari Smith Jr.,HOU,76,39,37,31.9,13.7,45.6,20.9,1.4,1.86,1.0,0.301,1.4,0.7,3.2,0.712,0.741,0.943,2.7,0.6,1.4,42.6,0.5,0.6,88.6,66.0,0.8,28.6,0.2,6.8,0.2,6.8,0.3,10.7,1.8,42.6,5.2,37.9,2.5,40.3,3.0,66.2,0.5,60.7,1.0,57.7,53.7,1.8,1.1,59.0,4.3,42.5,0.1,43.4,7.3,6.3,1.6,25.6,9.4,66.7,0.7,71.9,4.9,0.7,0.8,2.4,4.1,58.3
108,Jabari Walker,POR,72,18,54,23.6,8.9,29.1,16.4,0.9,1.83,0.79,0.305,1.3,0.1,3.5,0.516,0.222,0.928,2.7,0.6,1.4,44.2,0.5,0.8,69.6,70.7,0.5,20.4,0.1,5.2,0.2,8.4,0.4,14.7,1.9,44.2,1.9,30.9,0.2,22.2,3.2,55.2,0.0,16.7,0.7,43.2,50.0,2.1,1.4,67.5,4.9,43.1,0.1,44.4,5.9,5.0,1.2,24.6,7.3,67.9,0.5,72.4,4.1,0.6,0.3,2.2,3.0,72.0
109,Jack White,MEM,4,0,4,15.9,1.5,17.8,10.5,0.4,1.33,0.51,0.085,0.0,0.0,1.3,0.0,0.0,0.0,0.5,0.0,0.3,0.0,0.0,0.0,0.0,0.0,0.3,50.0,0.0,0.0,0.0,0.0,0.0,0.0,0.0,0.0,1.5,20.0,0.0,0.0,0.0,0.0,0.0,0.0,0.0,0.0,18.8,1.0,0.8,75.0,2.8,36.4,0.3,40.0,12.2,2.0,1.0,50.0,3.5,57.1,0.8,72.7,4.0,1.0,0.3,1.0,2.5,40.0
110,Jacob Toppin,NYK,9,2,7,4.2,1.4,6.7,3.7,0.2,1.94,1.07,0.217,0.0,0.0,0.4,0.0,0.0,1.5,0.2,0.1,0.1,100.0,0.0,0.0,0.0,100.0,0.1,50.0,0.0,0.0,0.0,0.0,0.0,0.0,0.2,100.0,0.0,0.0,0.6,66.7,0.7,100.0,0.0,0.0,0.0,0.0,61.1,1.0,0.3,33.3,2.3,42.9,0.0,42.9,11.0,1.3,0.7,50.0,1.3,100.0,0.0,100.0,2.6,0.0,0.1,0.1,0.1,100.0
111,Jaden McDaniels,MIN,72,48,24,29.2,10.5,33.1,20.9,1.1,2.07,1.4,0.317,0.4,0.2,1.3,0.929,0.647,0.703,5.0,1.6,2.9,54.9,0.3,0.4,67.9,69.5,1.5,30.2,0.3,5.8,0.3,6.1,0.2,3.9,3.5,54.9,3.4,34.6,1.2,36.9,0.9,63.0,0.2,71.4,0.4,80.0,55.7,0.9,0.3,32.1,2.0,44.1,0.1,45.9,10.5,2.6,0.5,20.8,4.5,58.3,0.4,63.9,8.2,0.9,0.6,1.7,3.0,57.7
112,Jae Crowder,MIL,50,25,25,23.1,6.2,28.6,14.7,0.7,1.42,0.52,0.218,0.2,0.0,1.3,0.833,0.0,0.781,0.9,0.3,0.6,43.3,0.0,0.0,50.0,62.8,0.2,27.9,0.1,7.0,0.0,0.0,0.0,2.3,0.5,43.3,3.2,34.6,0.8,42.1,1.0,65.7,0.0,0.0,0.2,83.3,53.0,0.6,0.3,51.6,1.9,33.7,0.1,34.8,9.5,2.7,0.5,20.0,4.5,60.7,0.3,64.7,7.8,0.8,0.2,1.1,1.6,72.2
113,Jae'Sean Tate,HOU,65,32,33,15.9,4.1,18.0,8.8,0.7,2.24,1.46,0.226,0.4,0.4,1.2,0.259,0.577,0.568,2.0,0.6,1.0,56.7,0.2,0.2,83.3,64.7,0.8,36.8,0.2,9.8,0.1,6.8,0.1,4.5,1.3,56.7,1.1,31.5,0.0,0.0,0.7,53.7,0.2,75.0,0.1,14.3,52.2,1.1,0.6,60.7,2.6,40.4,0.1,41.8,8.1,2.3,0.6,25.7,4.2,56.0,0.4,62.7,6.6,0.6,0.2,0.9,1.6,59.4
114,Jake LaRavia,MEM,35,8,27,23.0,10.8,34.9,22.2,1.4,2.4,1.81,0.31,0.5,0.0,1.8,0.526,0.0,0.73,5.5,1.0,2.3,42.0,1.4,1.7,84.5,62.8,1.7,31.4,0.3,5.8,0.4,7.9,0.8,15.2,3.4,42.0,3.4,34.8,1.6,36.1,1.3,57.6,0.0,0.0,0.3,36.4,47.7,1.7,0.8,45.1,3.1,55.4,0.0,56.0,8.8,2.6,0.8,31.2,4.6,55.8,0.3,60.2,7.3,0.8,0.3,2.2,3.0,74.3
115,Jalen Johnson,ATL,56,27,29,33.7,16.0,69.7,31.5,2.4,2.07,1.01,0.23,1.6,0.4,3.1,0.92,0.64,1.103,6.6,1.6,3.6,45.5,0.7,1.0,67.2,61.7,2.0,29.9,0.5,7.9,0.4,5.7,0.5,7.9,4.1,45.5,3.7,37.1,1.2,40.5,3.4,68.3,0.3,66.7,1.4,64.9,56.2,1.3,0.6,43.2,3.5,37.9,0.1,38.9,7.9,7.4,1.8,24.4,10.7,68.9,0.8,74.3,5.0,1.2,0.8,3.0,5.0,60.2
116,Jalen McDaniels,TOR,49,12,37,10.5,3.4,16.5,9.4,0.5,1.98,1.18,0.204,0.2,0.0,0.8,0.333,0.0,0.7,2.8,0.4,1.4,31.9,0.1,0.1,83.3,36.8,1.0,37.5,0.2,7.4,0.2,6.6,0.1,2.2,1.0,31.9,0.7,18.2,0.3,24.0,0.6,54.5,0.0,0.0,0.1,50.0,37.1,0.5,0.2,35.3,1.4,39.5,0.1,41.5,13.2,1.7,0.2,13.5,2.6,63.4,0.2,69.3,6.3,0.3,0.1,0.9,1.1,82.1
117,Jalen Slawson,SAC,12,8,4,3.1,0.7,5.2,2.6,0.1,1.55,0.71,0.129,0.0,0.0,0.3,0.0,0.0,0.5,0.3,0.1,0.1,100.0,0.0,0.0,0.0,50.0,0.3,75.0,0.0,0.0,0.0,0.0,0.0,0.0,0.2,100.0,0.0,0.0,0.2,100.0,0.2,100.0,0.0,0.0,0.0,0.0,66.7,0.3,0.0,0.0,0.7,50.0,0.0,50.0,7.8,1.7,0.7,40.0,3.0,55.6,0.0,55.6,9.4,0.1,0.1,0.4,0.6,71.4
118,Jalen Smith,IND,61,36,25,17.2,9.9,25.0,15.7,0.6,1.41,0.45,0.394,1.0,0.5,4.3,0.75,0.563,1.049,0.9,0.3,0.4,68.0,0.2,0.2,92.9,87.3,0.3,29.1,0.0,5.5,0.1,10.9,0.1,12.7,0.8,68.0,3.0,43.1,0.3,50.0,4.6,74.1,0.3,40.0,0.8,69.0,67.0,1.9,1.3,70.5,3.9,48.3,0.1,49.3,4.5,3.8,1.3,34.2,6.1,61.1,0.5,66.8,4.1,0.3,0.6,2.2,3.8,57.6
119,Jalen Williams,OKC,71,51,20,31.3,19.1,57.1,25.1,3.9,4.06,3.83,0.334,0.7,0.0,1.8,0.938,0.0,1.176,12.6,3.3,6.1,53.4,1.0,1.3,76.6,61.1,4.7,37.3,1.1,8.4,0.7,5.7,0.7,5.4,7.7,53.4,2.8,43.5,5.7,50.1,2.2,78.8,0.0,0.0,0.6,67.9,59.2,0.5,0.3,48.6,1.9,27.8,0.0,28.5,8.6,3.6,0.7,20.8,6.2,57.6,0.7,64.6,7.6,1.1,0.6,1.3,2.2,60.6
120,Jalen Wilson,BKN,41,14,27,14.9,5.0,15.7,10.5,0.5,2.08,1.27,0.319,0.3,0.0,1.2,0.833,0.0,0.837,2.3,0.4,1.0,38.1,0.1,0.1,66.7,39.4,1.1,50.0,0.3,13.8,0.0,2.1,0.1,3.2,0.9,38.1,1.8,38.5,0.2,19.0,1.0,68.0,0.0,0.0,0.2,80.0,51.9,1.3,0.6,46.5,2.4,53.8,0.1,55.8,8.3,2.3,0.3,13.3,4.0,56.8,0.4,63.6,8.0,0.2,0.0,0.7,0.9,75.0
121,Jamal Cain,MIA,26,14,12,10.0,3.7,11.3,6.0,0.4,2.0,1.14,0.331,0.2,0.0,0.9,0.4,0.0,0.917,0.7,0.2,0.3,44.4,0.0,0.1,50.0,52.9,0.2,29.4,0.1,11.8,0.0,5.9,0.0,5.9,0.3,44.4,1.1,32.3,0.5,55.6,0.8,47.1,0.0,0.0,0.1,0.0,50.0,0.9,0.5,53.8,2.2,41.9,0.1,43.3,9.8,1.6,0.1,4.5,2.9,53.7,0.3,59.5,7.9,0.4,0.2,0.7,1.0,72.0
122,James Johnson,IND,9,4,5,5.2,0.9,8.7,4.6,0.4,2.92,2.28,0.103,0.3,0.0,0.2,0.667,0.0,0.0,0.7,0.1,0.2,50.0,0.2,0.2,100.0,66.7,0.3,50.0,0.0,0.0,0.0,0.0,0.1,16.7,0.4,50.0,0.0,0.0,0.2,33.3,0.0,0.0,0.0,0.0,0.2,50.0,30.0,0.3,0.3,100.0,1.0,33.3,0.0,33.3,10.8,1.0,0.3,33.3,2.0,50.0,0.3,60.0,5.5,0.6,0.1,0.1,0.4,25.0
123,Jarace Walker,IND,33,18,15,10.3,3.6,16.6,9.7,0.6,2.02,1.3,0.219,0.3,0.0,0.6,0.1,0.0,0.5,1.2,0.2,0.5,43.8,0.0,0.0,0.0,37.5,0.6,50.0,0.2,12.5,0.1,7.5,0.0,0.0,0.5,43.8,1.4,39.5,1.2,45.9,0.3,33.3,0.0,0.0,0.0,0.0,50.9,0.6,0.0,8.3,1.1,52.2,0.0,54.5,8.2,2.4,0.6,24.0,3.6,65.8,0.0,65.8,5.4,0.5,0.3,0.7,1.2,63.2
124,Jaren Jackson Jr.,MEM,66,22,44,32.2,22.5,54.8,33.4,2.7,2.91,2.15,0.411,1.8,3.0,2.3,0.793,0.651,0.914,11.0,3.8,7.6,49.8,2.1,2.6,81.1,91.2,1.2,10.7,0.2,2.1,0.7,6.2,1.3,11.7,10.0,49.8,4.8,34.1,1.3,28.8,2.1,56.8,1.9,47.6,1.4,50.9,49.4,1.3,0.7,51.8,3.5,36.8,0.1,37.4,8.8,4.2,1.0,23.2,8.2,51.5,0.8,56.8,6.7,1.2,1.6,3.4,6.0,56.1
125,Jarred Vanderbilt,LAL,28,13,15,20.2,5.3,17.7,8.1,0.5,1.7,1.02,0.298,1.1,0.0,3.1,0.516,0.0,0.693,0.7,0.1,0.4,40.0,0.1,0.1,100.0,57.9,0.3,36.8,0.1,10.5,0.0,5.3,0.0,5.3,0.4,40.0,0.9,30.8,0.0,0.0,2.2,66.7,0.0,0.0,0.6,58.3,55.4,1.6,0.8,48.8,3.8,41.0,0.2,43.2,7.4,3.5,0.5,14.1,4.8,74.2,0.4,81.4,5.6,1.3,0.1,1.0,1.4,70.0
126,Jaxson Hayes,LAL,69,40,29,12.5,4.3,16.1,7.7,0.4,1.38,0.44,0.269,1.0,0.0,2.8,0.681,0.0,0.984,0.2,0.1,0.1,57.1,0.0,0.0,50.0,69.2,0.1,30.8,0.0,0.0,0.0,7.7,0.0,7.7,0.1,57.1,0.1,22.2,0.0,0.0,2.7,76.9,0.0,0.0,0.7,76.0,72.1,1.2,0.7,61.8,2.4,49.6,0.1,50.7,5.9,2.4,0.7,29.7,4.0,59.2,0.4,65.1,6.2,0.5,0.4,1.5,2.4,62.7
127,Jaylen Brown,BOS,69,51,18,33.5,22.9,53.0,27.5,3.6,4.08,3.55,0.433,1.0,1.9,2.2,0.761,0.641,0.961,10.1,2.9,5.2,56.1,0.8,1.2,64.3,67.7,3.4,33.7,0.8,8.2,0.5,5.3,0.6,6.0,6.8,56.1,3.9,37.1,5.9,42.4,2.2,72.6,1.2,55.4,0.7,57.1,55.7,1.2,0.7,57.8,3.2,37.9,0.1,39.5,10.7,4.4,0.9,20.3,7.3,61.1,0.6,66.9,7.4,1.2,0.5,1.4,2.3,62.4
128,Jaylin Williams,OKC,69,48,21,13.0,4.0,27.1,14.7,0.6,1.42,0.3,0.148,1.3,0.0,1.3,0.333,0.0,0.587,0.6,0.1,0.2,66.7,0.1,0.1,75.0,55.0,0.3,55.0,0.1,12.5,0.0,5.0,0.1,10.0,0.3,66.7,2.5,37.6,0.0,11.1,0.8,55.3,0.0,0.0,0.4,59.1,53.3,0.5,0.3,52.8,1.3,40.0,0.0,40.0,7.4,3.0,1.0,32.3,4.9,60.6,0.4,65.6,4.5,0.4,0.4,1.5,2.3,65.8
129,Jayson Tatum,BOS,73,56,17,35.7,26.8,75.8,38.7,4.8,3.83,2.76,0.354,1.2,1.8,1.6,0.929,0.773,1.095,9.1,2.8,5.0,57.3,1.9,2.3,84.5,86.4,2.3,25.2,0.7,7.7,0.4,4.8,1.2,12.8,7.9,57.3,3.6,42.8,8.4,36.3,1.7,63.1,1.4,47.2,1.1,62.2,55.3,0.9,0.4,42.2,2.3,37.9,0.1,39.3,10.5,7.2,1.1,15.4,9.9,73.1,0.7,78.8,6.1,1.0,0.6,1.7,2.6,62.7
130,Jeff Green,HOU,78,39,39,16.8,6.5,18.6,12.5,0.6,1.91,0.87,0.351,0.9,0.5,1.3,0.554,0.632,0.99,1.4,0.4,0.8,50.8,0.5,0.6,80.0,105.6,0.2,14.0,0.1,4.7,0.1,3.7,0.3,23.4,1.4,50.8,1.9,33.6,0.5,35.3,1.3,66.7,0.3,50.0,0.5,51.5,52.9,0.7,0.3,47.8,1.3,51.7,0.1,55.4,8.7,2.0,0.5,26.7,3.3,59.8,0.3,66.2,7.0,0.2,0.4,1.3,2.0,63.5
131,Jerami Grant,POR,54,17,37,33.9,21.0,52.5,34.6,2.6,2.92,1.96,0.4,1.4,1.9,1.6,0.6,0.441,0.93,10.3,2.5,5.8,43.3,1.5,1.9,79.8,65.3,2.6,25.2,0.6,5.9,0.7,6.8,1.0,9.4,6.7,43.3,6.6,42.7,2.5,41.0,1.5,59.3,0.8,59.4,0.8,48.6,51.6,0.7,0.4,48.6,2.3,31.9,0.1,33.6,9.6,3.0,0.6,18.8,5.4,56.0,0.4,60.4,8.6,0.8,0.6,2.6,3.5,74.5
132,Jeremiah Robinson-Earl,NOP,38,22,16,8.6,3.0,12.1,6.8,0.3,1.44,0.6,0.25,0.4,0.1,1.1,0.25,0.0,0.884,0.6,0.1,0.2,55.6,0.1,0.1,100.0,60.9,0.2,39.1,0.0,4.3,0.1,13.0,0.1,8.7,0.4,55.6,1.1,37.5,0.2,50.0,1.0,59.3,0.0,0.0,0.1,40.0,55.4,1.0,0.7,69.6,2.3,41.8,0.1,43.4,5.0,2.1,0.3,11.8,3.7,58.0,0.3,63.0,5.6,0.3,0.1,1.1,1.5,70.7
133,Jeremy Sochan,SAS,73,17,56,29.7,11.5,50.9,25.0,2.6,3.06,2.42,0.226,1.6,0.8,4.1,0.711,0.237,0.782,7.5,1.1,2.9,39.0,0.4,0.5,83.3,37.0,3.8,50.2,0.8,10.0,0.4,5.8,0.2,3.3,2.8,39.0,2.8,35.3,0.7,20.8,3.2,63.4,0.2,33.3,1.1,62.5,48.2,1.9,1.0,50.4,3.9,49.6,0.1,51.1,7.9,4.7,0.9,18.9,7.4,63.7,0.6,69.6,6.7,0.8,0.5,2.5,3.6,68.7
134,Jermaine Samuels Jr.,HOU,14,8,6,4.3,1.4,4.7,2.1,0.1,1.76,0.91,0.303,0.3,0.0,0.3,0.0,0.0,1.0,0.4,0.2,0.3,75.0,0.0,0.0,0.0,120.0,0.1,20.0,0.0,0.0,0.0,0.0,0.0,0.0,0.4,75.0,0.0,0.0,0.0,0.0,0.3,100.0,0.0,0.0,0.0,0.0,64.3,0.4,0.0,0.0,1.1,33.3,0.0,33.3,9.6,1.3,0.0,0.0,1.4,90.9,0.3,111.1,9.1,0.1,0.1,0.1,0.6,25.0
135,Jimmy Butler,MIA,60,33,27,34.0,20.8,61.0,36.8,4.5,4.41,3.24,0.341,1.4,2.3,5.7,0.583,0.385,0.802,14.3,2.1,4.8,44.4,2.5,2.9,85.5,49.7,7.0,49.0,1.5,10.5,0.7,4.9,1.5,10.3,7.1,44.4,2.5,43.9,2.8,39.1,4.6,67.5,0.9,35.2,0.8,64.5,53.7,1.8,0.9,53.3,4.0,44.1,0.1,45.5,7.4,3.6,0.8,22.5,5.5,64.5,0.5,70.8,8.8,1.3,0.3,1.5,2.0,73.7
136,Joe Harris,DET,16,4,12,10.6,2.4,10.0,6.6,0.2,1.37,0.58,0.244,0.3,0.0,0.3,0.5,0.0,0.6,0.8,0.1,0.3,20.0,0.0,0.0,0.0,15.4,0.4,53.8,0.2,23.1,0.1,7.7,0.0,0.0,0.1,20.0,1.9,35.7,0.0,0.0,0.2,50.0,0.0,0.0,0.1,100.0,48.7,0.3,0.1,33.3,0.7,50.0,0.0,50.0,3.1,1.1,0.3,30.0,3.3,33.3,0.7,41.7,7.8,0.2,0.1,1.6,2.2,74.3
137,Joe Ingles,ORL,68,42,26,17.2,4.4,29.8,17.1,1.5,3.08,1.84,0.146,0.2,0.0,0.2,0.583,0.0,0.667,3.0,0.3,0.8,38.9,0.1,0.1,90.0,25.9,1.8,60.7,0.6,21.4,0.2,7.5,0.1,2.5,0.8,38.9,2.6,53.2,0.5,22.6,0.1,50.0,0.0,0.0,0.1,100.0,59.0,0.3,0.2,55.6,0.5,58.1,0.0,60.0,10.3,2.1,0.3,12.1,3.1,67.8,0.2,72.5,9.3,0.6,0.1,0.7,0.9,80.6
138,Joel Embiid,PHI,39,31,8,33.6,34.7,74.6,53.8,3.4,2.73,1.36,0.465,5.1,4.8,5.7,0.772,0.691,1.243,8.5,2.7,4.5,59.4,2.7,3.1,86.7,97.9,1.4,16.7,0.4,4.2,0.8,10.0,1.5,18.2,8.3,59.4,6.0,50.3,7.6,43.0,7.1,66.7,3.3,51.8,3.9,49.5,56.1,2.4,1.6,67.4,4.8,50.3,0.2,52.8,5.5,8.6,2.8,32.8,13.6,63.1,1.2,68.9,4.7,1.2,1.7,5.1,9.9,50.9
139,John Collins,UTA,67,27,40,27.9,15.0,44.9,23.9,1.2,1.62,0.62,0.335,1.4,1.0,5.6,0.839,0.656,1.064,3.4,1.0,2.1,46.0,0.5,0.7,73.9,74.3,0.6,18.7,0.1,2.2,0.3,7.8,0.3,10.0,2.6,46.0,4.0,37.3,0.6,37.5,5.9,72.2,0.6,46.9,1.2,58.9,58.8,2.3,1.5,63.6,5.7,40.3,0.1,41.4,6.2,6.2,1.7,27.5,9.2,67.3,0.8,73.9,4.5,0.6,0.9,3.3,5.2,63.0
140,Jonathan Isaac,ORL,58,35,23,15.8,6.8,21.7,9.9,0.5,1.32,0.43,0.313,0.4,0.1,2.5,0.696,0.6,1.14,0.4,0.1,0.2,36.4,0.1,0.1,66.7,59.1,0.1,36.4,0.0,9.1,0.0,0.0,0.1,13.6,0.2,36.4,2.3,39.2,0.3,31.0,2.8,66.7,0.1,33.3,0.3,58.3,58.4,1.3,1.0,75.3,2.9,45.1,0.1,46.2,5.0,3.4,0.9,27.3,5.4,63.4,0.5,70.6,4.4,0.7,1.2,1.2,2.3,52.7
141,Jonathan Kuminga,GSW,73,40,33,26.3,15.9,46.0,24.1,2.1,2.79,2.05,0.346,1.3,1.9,3.3,0.849,0.564,0.967,6.2,1.7,3.2,53.7,0.8,1.2,67.9,70.6,1.8,29.4,0.3,4.2,0.5,7.5,0.6,9.3,4.4,53.7,2.1,34.8,1.6,37.9,3.2,65.2,1.1,51.8,1.1,66.0,55.9,1.2,0.7,58.0,3.0,40.7,0.1,41.5,8.5,3.6,0.7,18.4,5.6,64.1,0.4,69.5,6.2,0.7,0.5,1.8,2.6,67.0
142,Jontay Porter,TOR,25,6,19,14.4,4.6,27.8,16.7,0.8,1.63,0.54,0.166,1.7,0.6,2.6,0.186,0.133,0.621,0.6,0.0,0.2,0.0,0.2,0.2,100.0,28.6,0.2,42.9,0.0,7.1,0.0,7.1,0.1,14.3,0.2,0.0,2.4,31.7,0.1,16.7,1.6,62.1,0.1,33.3,0.3,20.0,48.1,1.1,0.7,61.5,3.0,38.2,0.0,38.2,4.8,2.4,0.7,28.6,4.6,53.3,0.6,61.5,6.0,0.8,0.8,2.6,4.3,60.7
143,Jordan Nwora,TOR,51,14,37,13.7,6.9,22.0,13.0,0.9,2.35,1.63,0.315,0.3,0.1,1.0,1.118,2.0,1.096,2.7,0.7,1.4,49.3,0.3,0.5,70.8,63.0,0.7,26.1,0.1,2.9,0.3,10.9,0.2,8.7,1.7,49.3,2.0,35.8,1.1,32.8,1.1,71.1,0.1,100.0,0.4,77.8,53.1,0.7,0.3,53.6,1.7,38.9,0.0,40.0,6.0,2.8,0.5,19.2,4.0,69.4,0.1,71.9,7.0,0.5,0.3,1.0,1.5,62.8
144,Josh Minott,MIN,32,23,9,2.9,1.6,3.9,2.3,0.2,2.54,1.62,0.4,0.2,0.0,0.5,0.571,0.0,0.625,0.6,0.1,0.3,50.0,0.1,0.1,100.0,66.7,0.2,38.9,0.1,11.1,0.0,5.6,0.0,5.6,0.4,50.0,0.4,44.4,0.0,0.0,0.3,45.5,0.0,0.0,0.1,66.7,52.8,0.4,0.2,50.0,0.9,44.4,0.0,44.4,5.9,1.3,0.4,30.8,1.6,81.3,0.1,86.7,5.7,0.2,0.2,0.5,0.6,83.3
145,Juan Toscano-Anderson,SAC,11,7,4,4.8,0.6,6.8,3.6,0.2,1.76,1.05,0.093,0.1,0.0,0.7,0.0,0.0,0.5,0.4,0.0,0.1,0.0,0.0,0.0,0.0,0.0,0.3,75.0,0.1,25.0,0.0,0.0,0.0,0.0,0.0,0.0,0.3,25.0,0.0,0.0,0.4,50.0,0.0,0.0,0.0,0.0,29.2,1.0,0.8,75.0,1.8,57.1,0.0,57.1,6.1,2.0,0.0,0.0,2.0,100.0,0.0,100.0,8.9,0.1,0.1,0.2,0.5,40.0
146,Julian Champagnie,SAS,73,18,55,19.6,6.7,25.5,14.0,0.7,1.64,0.78,0.261,0.3,0.0,1.0,0.739,0.0,0.632,1.6,0.2,0.6,40.9,0.3,0.3,86.4,48.3,0.7,44.2,0.2,10.8,0.1,7.5,0.2,9.2,0.8,40.9,3.8,35.1,0.3,41.2,0.7,58.8,0.0,0.0,0.2,50.0,52.5,0.6,0.3,48.8,1.4,44.1,0.1,46.6,9.2,2.4,0.6,22.8,4.2,57.9,0.3,62.7,6.8,0.7,0.6,1.6,2.3,68.3
147,Julian Phillips,CHI,39,20,19,8.1,2.3,8.1,4.9,0.2,1.51,0.74,0.282,0.1,0.0,0.5,0.0,0.0,0.85,1.0,0.3,0.5,57.9,0.1,0.1,100.0,71.1,0.3,34.2,0.0,2.6,0.1,7.9,0.1,5.3,0.7,57.9,1.0,32.5,0.0,0.0,0.4,54.5,0.0,0.0,0.0,0.0,50.0,0.6,0.4,58.3,1.7,36.4,0.1,38.7,5.5,1.2,0.3,25.0,2.3,53.3,0.4,63.2,6.6,0.2,0.2,0.7,0.9,76.5
148,Julius Randle,NYK,46,29,17,35.4,24.0,72.5,48.6,3.8,3.15,2.19,0.33,2.0,2.8,3.6,0.556,0.473,1.067,13.9,2.9,5.8,50.2,2.1,2.5,81.9,59.0,5.4,38.8,1.4,9.8,1.0,6.9,1.3,9.2,8.2,50.2,3.5,35.3,4.2,36.5,3.8,68.9,1.3,40.0,1.1,61.1,51.8,2.2,1.3,60.6,5.4,39.6,0.2,41.1,7.6,7.0,1.4,20.1,10.3,68.5,1.0,75.5,5.1,0.5,0.3,2.0,3.1,64.8
149,Justin Champagnie,WAS,15,3,12,15.7,5.9,23.5,10.8,0.7,1.87,0.89,0.252,0.3,0.0,1.7,1.2,0.0,0.846,1.3,0.2,0.4,50.0,0.1,0.1,100.0,40.0,0.9,65.0,0.3,25.0,0.0,0.0,0.1,5.0,0.5,50.0,2.2,28.2,0.4,28.6,1.5,61.5,0.0,0.0,0.4,100.0,49.4,1.6,1.1,68.4,3.0,52.8,0.0,52.8,5.2,2.8,0.4,14.7,4.7,60.7,0.3,65.4,6.5,0.7,0.6,1.1,1.5,72.7
150,Justin Holiday,DEN,57,37,20,14.7,4.1,15.0,9.9,0.4,1.59,0.88,0.27,0.4,0.0,0.4,0.76,0.0,0.609,0.6,0.0,0.2,22.2,0.0,0.0,0.0,10.8,0.4,64.9,0.2,24.3,0.0,2.7,0.0,0.0,0.1,22.2,2.6,40.3,0.7,44.4,0.2,63.6,0.0,0.0,0.3,100.0,59.1,0.2,0.1,33.3,0.5,50.0,0.0,50.0,12.1,1.5,0.3,16.7,2.5,61.2,0.2,66.7,9.2,0.6,0.1,0.8,1.1,70.5
151,Justin Minaya,POR,34,3,31,11.2,1.8,12.9,7.9,0.4,2.03,1.44,0.139,0.1,0.0,0.8,0.0,0.0,0.407,0.7,0.1,0.1,40.0,0.1,0.2,50.0,33.3,0.4,54.2,0.1,12.5,0.1,12.5,0.1,12.5,0.2,40.0,0.9,21.7,0.2,66.7,0.3,35.7,0.0,0.0,0.0,0.0,37.8,1.2,0.6,53.3,2.0,61.2,0.0,62.5,8.3,1.0,0.3,30.8,2.3,45.6,0.4,54.2,7.2,0.3,0.3,0.7,1.3,54.5
152,KJ Martin,PHI,60,33,27,12.4,3.7,14.7,8.4,0.3,1.3,0.65,0.255,0.6,0.0,1.8,0.333,0.0,0.869,0.8,0.2,0.5,42.9,0.1,0.1,75.0,59.6,0.2,27.7,0.0,2.1,0.1,6.4,0.0,4.3,0.5,42.9,0.4,28.6,0.0,0.0,1.6,60.9,0.0,0.0,0.2,40.0,55.8,0.9,0.5,58.5,2.5,37.3,0.1,39.0,6.1,2.0,0.5,23.3,2.9,70.3,0.2,75.6,7.7,0.4,0.2,0.8,1.2,66.2
153,Kaiser Gates,NOP,1,0,1,7.4,0.0,14.0,7.0,0.3,1.21,0.14,0.0,0.0,0.0,1.0,0.0,0.0,0.0,0.0,0.0,0.0,0.0,0.0,0.0,0.0,0.0,0.0,0.0,0.0,0.0,0.0,0.0,0.0,0.0,0.0,0.0,0.0,0.0,0.0,0.0,0.0,0.0,0.0,0.0,0.0,0.0,0.0,0.0,0.0,0.0,2.0,0.0,0.0,0.0,0.0,1.0,0.0,0.0,1.0,100.0,0.0,100.0,8.3,0.0,0.0,0.0,1.0,0.0
154,Karl-Anthony Towns,MIN,62,42,20,32.7,21.8,53.2,36.2,1.9,2.13,0.91,0.409,2.2,2.9,2.8,0.748,0.637,0.932,9.5,2.8,5.3,51.8,1.6,1.8,91.1,78.0,1.9,19.5,0.6,6.3,1.0,10.7,0.9,9.5,7.4,51.8,6.2,42.6,1.7,37.9,2.6,61.5,1.8,57.9,1.6,70.0,57.5,1.5,1.0,68.1,3.7,41.2,0.1,42.0,6.6,6.8,1.7,25.4,9.5,71.6,0.6,76.3,5.7,0.7,0.7,2.3,3.7,60.6
155,Kawhi Leonard,LAC,67,43,24,34.2,23.8,53.7,34.3,3.3,3.73,2.96,0.443,2.6,2.3,2.8,0.678,0.397,0.989,11.3,3.1,5.4,57.8,1.2,1.3,90.7,66.9,4.2,37.6,0.9,7.5,0.5,4.8,0.6,5.7,7.6,57.8,4.3,44.1,8.1,45.4,2.8,69.7,0.9,49.0,1.8,56.8,58.6,1.2,0.5,39.0,2.7,45.6,0.1,47.4,10.0,4.9,1.1,22.5,7.1,68.1,0.6,74.0,8.7,1.7,0.9,2.6,3.6,70.7
156,Keegan Murray,SAC,77,43,34,33.6,15.2,43.2,30.7,1.4,1.93,1.15,0.353,0.7,0.1,2.2,0.811,0.833,0.862,4.2,1.3,2.5,52.6,0.3,0.4,76.5,72.6,1.2,27.4,0.2,4.9,0.2,5.5,0.2,5.2,3.1,52.6,6.5,37.2,2.8,40.1,1.9,69.9,0.1,33.3,0.6,68.0,54.8,1.4,0.5,37.7,2.8,48.4,0.1,50.2,10.2,4.1,0.9,21.0,6.9,59.4,0.8,67.0,7.1,1.0,0.8,2.2,3.6,59.5
157,Keita Bates-Diop,BKN,53,29,24,12.5,3.7,13.3,6.9,0.5,2.15,1.19,0.279,0.3,0.0,1.1,0.333,2.0,0.842,1.4,0.3,0.7,48.6,0.2,0.3,85.7,67.1,0.5,35.6,0.1,9.6,0.1,5.5,0.1,9.6,0.9,48.6,1.1,31.7,0.1,37.5,0.9,50.0,0.0,0.0,0.1,50.0,49.7,0.7,0.3,46.7,1.7,42.9,0.1,44.8,9.8,1.9,0.4,23.7,3.3,55.5,0.3,60.8,6.8,0.5,0.4,1.0,1.5,65.9
158,Keldon Johnson,SAS,68,16,52,29.5,15.6,49.8,25.7,2.2,2.68,1.78,0.314,0.6,0.2,1.9,0.658,0.286,0.931,8.0,2.1,4.1,50.0,1.2,1.6,75.5,68.8,2.4,30.5,0.5,6.2,0.4,5.0,0.8,10.3,5.5,50.0,4.6,35.6,1.4,32.7,1.8,63.5,0.1,25.0,0.4,57.1,52.5,1.4,0.8,54.3,3.4,41.1,0.1,42.6,7.9,4.2,0.9,21.5,7.0,59.2,0.7,65.9,5.8,0.8,0.3,2.3,3.0,74.9
159,Kelly Olynyk,TOR,77,31,46,22.4,9.7,47.4,27.3,1.8,2.26,0.84,0.205,1.4,0.6,2.4,0.582,0.837,1.021,3.6,1.0,1.6,60.5,0.5,0.7,80.8,71.7,1.1,31.2,0.3,8.0,0.4,12.3,0.4,9.8,2.6,60.5,2.4,42.8,0.5,32.1,2.5,73.2,0.5,68.0,0.8,68.2,61.3,1.4,0.7,52.8,3.0,45.9,0.1,47.7,7.4,3.9,0.9,22.4,6.6,60.0,0.7,67.0,5.8,0.9,0.4,2.4,3.6,67.5
160,Kelly Oubre Jr.,PHI,67,39,28,30.3,15.5,40.0,24.6,1.5,2.31,1.56,0.388,0.7,0.0,2.6,0.612,0.0,1.121,6.3,1.7,3.9,43.0,1.0,1.3,76.7,71.6,1.1,17.0,0.3,4.7,0.5,7.6,0.7,10.4,4.5,43.0,3.3,31.2,2.1,32.5,2.9,67.2,0.0,0.0,0.4,48.0,50.0,1.4,0.9,61.7,3.6,39.3,0.2,41.6,7.4,3.6,0.4,11.6,5.9,61.1,0.5,66.9,6.6,1.1,0.7,2.1,3.2,64.1
161,Kenneth Lofton Jr.,UTA,21,7,14,9.4,4.6,14.3,10.3,0.6,2.37,1.26,0.32,1.4,0.8,1.3,0.586,0.438,0.643,1.3,0.4,0.5,80.0,0.5,0.6,83.3,100.0,0.3,25.9,0.0,3.7,0.2,14.8,0.3,22.2,1.3,80.0,1.2,29.4,0.5,50.0,0.9,58.3,0.3,60.0,0.8,58.3,50.6,1.0,0.8,75.0,1.8,57.1,0.1,60.0,8.0,2.0,0.8,37.5,4.1,49.0,0.5,55.8,5.0,0.3,0.2,0.8,1.4,56.7
162,Kenrich Williams,OKC,69,49,20,14.9,4.7,19.4,11.3,0.6,1.73,0.96,0.243,0.5,0.0,1.8,0.353,0.0,0.746,1.2,0.1,0.4,35.7,0.0,0.0,50.0,25.0,0.7,60.7,0.2,17.9,0.0,3.6,0.0,1.2,0.3,35.7,2.3,40.6,0.3,22.9,1.4,65.3,0.0,0.0,0.2,42.9,56.8,0.9,0.6,63.9,2.2,42.1,0.1,43.3,6.5,2.2,0.7,31.1,3.6,61.7,0.4,69.5,6.0,0.6,0.1,1.0,1.6,61.7
163,Kessler Edwards,SAC,54,32,22,5.1,1.7,6.8,4.0,0.2,1.58,0.64,0.255,0.1,0.0,0.4,0.667,0.0,0.762,0.2,0.0,0.1,33.3,0.0,0.0,50.0,33.3,0.1,55.6,0.0,11.1,0.0,0.0,0.0,11.1,0.1,33.3,1.1,41.2,0.1,40.0,0.3,53.8,0.0,0.0,0.0,50.0,53.7,0.4,0.1,22.2,1.1,34.6,0.1,39.1,6.8,1.4,0.3,24.2,2.3,61.1,0.2,67.3,5.5,0.2,0.1,0.4,0.6,71.9
164,Kevin Durant,PHX,74,44,30,37.2,26.9,71.0,42.7,4.1,3.47,2.41,0.378,1.9,2.9,1.5,0.786,0.447,1.109,9.7,2.9,5.3,53.8,1.3,1.5,83.0,73.9,2.7,27.5,0.6,6.1,0.6,6.4,0.8,7.9,7.2,53.8,6.7,47.8,9.2,46.4,1.6,68.4,1.3,47.2,1.5,60.2,57.8,0.5,0.2,40.0,1.6,33.3,0.1,36.0,16.7,6.0,1.2,20.7,8.6,69.6,0.5,74.2,7.3,0.9,1.2,2.3,3.7,60.7
165,Kevin Huerter,SAC,64,37,27,24.4,10.2,36.8,25.2,1.2,1.9,1.24,0.278,0.5,0.0,1.6,0.774,0.0,0.822,3.1,0.6,1.4,45.6,0.3,0.3,85.0,50.5,1.3,43.4,0.4,14.1,0.2,5.6,0.2,5.1,1.6,45.6,4.3,34.7,2.1,41.9,1.3,68.5,0.0,0.0,0.4,64.7,55.3,0.6,0.3,42.1,1.4,43.7,0.1,45.8,11.8,3.0,0.5,15.1,4.5,67.1,0.3,72.1,7.8,0.7,0.4,1.8,2.2,78.3
166,Kevin Knox II,DET,31,4,27,18.1,7.2,20.0,11.2,0.5,1.49,0.64,0.359,0.4,0.0,1.2,1.154,0.0,0.778,1.5,0.6,0.8,69.2,0.1,0.1,75.0,91.3,0.4,26.1,0.1,6.5,0.1,6.5,0.1,4.3,1.4,69.2,2.9,34.1,0.8,40.7,0.9,52.2,0.0,0.0,0.5,83.3,54.6,0.7,0.3,44.4,1.7,41.9,0.1,43.9,10.5,2.2,0.4,19.3,3.4,64.0,0.2,68.7,6.1,0.4,0.2,0.9,1.6,54.0
167,Kevin Love,MIA,55,31,24,16.8,8.8,36.8,19.5,1.0,1.65,0.44,0.24,0.4,0.8,1.9,0.25,0.545,1.019,1.2,0.3,0.5,58.6,0.2,0.2,83.3,68.8,0.4,37.5,0.1,10.9,0.0,1.6,0.1,9.4,0.8,58.6,4.1,33.8,0.5,33.3,2.0,72.4,0.4,61.5,0.1,33.3,55.7,1.1,0.7,67.9,2.5,44.8,0.1,45.9,5.4,5.4,1.8,33.8,8.4,64.6,0.8,71.6,4.2,0.3,0.2,1.9,3.0,64.6
168,Kevon Looney,GSW,74,43,31,16.1,4.5,28.8,18.0,0.8,1.58,0.55,0.157,1.5,0.2,3.8,0.631,0.0,0.753,0.6,0.2,0.3,56.0,0.1,0.1,75.0,77.1,0.2,35.4,0.1,8.3,0.0,4.2,0.1,8.3,0.5,56.0,0.2,54.5,0.1,33.3,2.8,63.8,0.0,0.0,0.9,61.7,59.7,2.0,1.1,53.8,4.1,47.8,0.1,49.1,5.8,3.8,1.3,33.8,6.0,63.2,0.4,68.2,4.8,0.4,0.4,1.6,2.8,58.7
169,Keyontae Johnson,OKC,9,7,2,7.4,1.2,8.9,4.6,0.4,2.6,1.58,0.138,0.2,0.0,0.7,1.0,0.0,0.667,1.1,0.0,0.3,0.0,0.0,0.0,0.0,0.0,0.8,70.0,0.1,10.0,0.0,0.0,0.0,0.0,0.0,0.0,0.3,33.3,0.2,50.0,0.4,50.0,0.0,0.0,0.2,50.0,34.4,0.8,0.8,100.0,1.6,50.0,0.0,50.0,6.1,1.2,0.6,50.0,1.8,66.7,0.0,66.7,8.2,0.1,0.0,0.6,0.7,83.3
170,Khris Middleton,MIL,55,31,24,27.0,15.1,50.3,26.0,3.0,3.6,2.8,0.299,0.5,1.1,1.0,0.44,0.712,0.907,6.3,1.4,2.7,50.3,0.3,0.4,86.4,50.6,2.7,42.7,1.0,15.7,0.5,8.4,0.2,3.2,3.2,50.3,3.4,43.3,6.6,49.2,0.9,73.3,0.8,54.8,0.2,57.1,56.6,0.7,0.4,47.5,1.8,40.4,0.1,42.6,12.6,4.0,0.7,17.1,6.7,59.9,0.6,65.8,7.6,0.9,0.3,1.7,2.4,72.0
171,Kobe Brown,LAC,43,26,17,9.2,2.1,12.1,5.8,0.4,1.81,0.92,0.171,0.3,0.1,0.7,0.636,0.0,0.655,0.8,0.1,0.3,35.7,0.0,0.0,0.0,29.4,0.3,41.2,0.1,14.7,0.1,11.8,0.0,0.0,0.2,35.7,0.8,27.3,0.1,40.0,0.4,64.3,0.0,0.0,0.2,100.0,48.9,0.8,0.5,65.0,1.7,50.0,0.0,51.3,6.2,1.8,0.6,35.7,2.9,60.9,0.2,64.6,7.1,0.3,0.1,0.5,0.8,60.6
172,Kris Murray,POR,61,11,50,21.7,6.1,25.1,15.0,0.9,2.13,1.34,0.242,0.5,0.0,1.7,0.276,0.0,0.772,3.0,0.5,1.3,39.2,0.2,0.3,62.5,40.9,1.2,41.4,0.4,12.2,0.3,9.4,0.1,4.4,1.2,39.2,2.2,27.8,0.2,20.8,1.3,60.0,0.0,0.0,0.1,40.0,46.5,1.6,1.1,67.1,3.6,44.7,0.1,45.9,6.2,2.5,0.6,24.4,4.5,56.0,0.4,61.9,7.8,0.9,0.3,1.5,2.3,63.4
173,Kristaps Porzingis,BOS,57,43,14,29.6,20.1,46.9,31.7,1.3,1.64,0.48,0.428,3.2,3.5,6.4,0.914,1.005,1.066,1.6,0.5,1.0,47.3,0.4,0.5,83.3,89.9,0.3,19.1,0.0,2.2,0.0,2.2,0.3,16.9,1.4,47.3,6.6,41.7,1.4,37.9,6.8,65.5,3.5,63.1,3.0,60.9,58.9,1.7,1.1,62.9,3.5,48.7,0.2,51.3,5.8,5.5,2.0,36.2,10.3,53.3,1.2,60.5,4.6,0.7,1.9,3.9,7.5,52.1
174,Kyle Anderson,MIN,79,55,24,22.6,6.4,39.7,22.9,2.1,3.1,2.11,0.161,1.7,0.2,2.1,0.371,0.889,0.617,6.2,1.2,2.8,42.2,0.6,0.8,75.8,48.8,2.5,39.8,0.6,10.4,0.4,6.3,0.4,6.5,3.0,42.2,0.7,35.6,0.8,42.3,1.3,67.6,0.2,60.0,0.6,57.1,47.2,0.8,0.3,38.3,1.7,47.6,0.1,49.2,10.1,2.8,0.8,27.7,4.8,58.2,0.3,62.5,7.1,0.9,0.6,1.5,2.3,64.8
175,Kyle Kuzma,WAS,70,13,57,32.6,22.2,57.9,35.0,3.2,3.32,2.3,0.383,1.5,0.7,2.2,0.852,0.686,1.032,11.2,3.2,6.6,48.1,1.0,1.4,75.3,67.6,2.8,25.4,0.9,8.0,0.8,7.4,0.7,6.3,7.6,48.1,4.7,33.9,4.1,33.8,2.3,64.9,0.5,60.0,1.3,65.6,52.1,0.9,0.4,46.8,2.4,37.6,0.1,39.2,9.1,5.7,1.3,21.9,8.6,66.4,0.6,71.5,6.1,0.5,0.7,2.8,4.1,67.5
176,Lamar Stevens,MEM,38,22,16,14.7,7.2,22.9,11.9,1.0,2.71,1.79,0.313,0.9,0.3,1.6,0.818,0.75,0.767,3.6,1.1,2.2,50.0,0.4,0.4,87.5,72.3,1.0,28.5,0.3,8.0,0.2,5.8,0.2,5.8,2.6,50.0,1.4,35.1,1.2,37.7,1.2,54.1,0.2,80.0,0.7,47.8,47.9,1.1,0.5,44.4,2.6,43.4,0.0,43.9,7.6,2.8,0.7,25.3,4.7,61.1,0.4,66.9,6.4,0.6,0.6,1.2,2.3,53.5
177,Larry Nance Jr.,NOP,61,34,27,19.9,5.7,29.7,18.4,0.9,1.83,0.85,0.193,2.7,0.2,3.7,0.289,0.857,0.769,0.1,0.0,0.1,20.0,0.0,0.0,0.0,25.0,0.0,37.5,0.0,37.5,0.0,0.0,0.0,0.0,0.0,20.0,1.5,43.4,0.2,45.5,2.8,67.3,0.2,83.3,0.8,63.6,62.9,1.5,0.9,55.3,3.5,44.1,0.1,45.6,7.5,3.5,0.9,26.8,6.5,53.8,0.8,61.7,5.8,1.0,0.3,2.0,3.2,61.3
178,Lauri Markkanen,UTA,55,22,33,33.1,23.2,50.7,31.0,1.6,1.84,0.82,0.459,1.9,1.1,4.7,0.885,0.508,1.171,4.5,1.1,2.5,45.7,1.0,1.1,91.5,75.3,1.1,23.9,0.3,6.1,0.2,4.9,0.5,12.1,3.4,45.7,9.5,41.5,1.4,32.7,5.5,68.4,0.6,35.3,1.7,66.7,57.8,2.2,1.3,60.7,4.2,53.3,0.1,55.2,7.8,5.9,1.9,32.1,8.8,67.4,0.6,72.0,6.5,0.9,0.5,3.0,4.5,66.9
179,LeBron James,LAL,70,40,30,35.4,25.6,76.9,35.2,5.2,4.07,3.33,0.333,1.6,2.7,2.2,0.873,0.526,1.013,10.3,3.2,5.3,59.8,1.5,2.0,72.5,79.8,3.1,30.3,0.9,8.4,0.5,4.6,1.0,10.1,8.2,59.8,4.3,44.8,4.0,34.5,2.3,67.3,1.4,49.4,1.4,75.5,59.5,0.9,0.5,55.7,2.2,39.9,0.1,41.5,8.3,6.6,1.2,17.9,9.1,72.1,0.5,76.4,6.8,1.3,0.5,1.9,2.9,67.3
180,Leaky Black,CHA,26,2,24,10.9,2.7,13.3,7.8,0.4,1.73,0.81,0.2,0.1,0.0,0.7,0.0,0.0,1.158,0.8,0.0,0.3,11.1,0.0,0.1,50.0,13.6,0.5,54.5,0.1,13.6,0.0,0.0,0.0,4.5,0.1,11.1,1.0,45.0,0.2,40.0,0.8,83.3,0.0,0.0,0.0,0.0,56.7,0.6,0.3,55.6,1.1,50.0,0.1,52.9,7.9,2.4,0.7,28.2,3.7,66.1,0.3,70.9,6.3,0.3,0.4,0.7,1.2,63.3
181,Leonard Miller,MIN,17,13,4,3.1,1.7,5.9,2.7,0.2,2.34,1.25,0.287,0.1,0.0,0.8,2.0,0.0,1.0,0.3,0.0,0.0,0.0,0.0,0.0,0.0,0.0,0.3,100.0,0.2,60.0,0.0,0.0,0.0,0.0,0.0,0.0,0.4,33.3,0.4,100.0,0.8,70.0,0.0,0.0,0.1,100.0,70.0,0.4,0.3,80.0,1.0,41.7,0.1,45.5,5.1,1.3,0.2,13.3,1.3,93.8,0.0,93.8,3.5,0.1,0.1,0.3,0.5,62.5
182,Lindy Waters III,OKC,38,25,13,7.4,3.6,11.1,6.6,0.5,2.66,1.99,0.326,0.0,0.0,0.3,0.0,0.0,0.4,0.5,0.1,0.1,80.0,0.0,0.0,0.0,55.6,0.3,61.1,0.1,27.8,0.0,5.6,0.0,0.0,0.3,80.0,2.4,47.8,0.6,30.8,0.1,50.0,0.0,0.0,0.0,0.0,64.9,0.4,0.1,28.6,0.7,53.8,0.1,58.3,9.3,1.8,0.4,21.2,2.5,73.3,0.3,82.5,9.8,0.1,0.2,0.4,0.6,60.9
183,Lonnie Walker IV,BKN,57,23,34,17.2,9.7,24.0,14.3,1.4,3.49,2.99,0.404,0.2,0.0,0.4,0.889,0.0,1.043,4.1,0.9,1.8,50.5,0.3,0.4,75.0,53.0,1.7,40.6,0.4,8.5,0.4,9.0,0.2,5.1,2.2,50.5,3.6,39.9,2.8,35.7,0.4,55.6,0.0,0.0,0.1,80.0,53.2,0.3,0.1,38.5,0.9,28.3,0.1,30.2,14.7,2.1,0.4,16.7,3.2,65.5,0.2,69.2,8.9,0.5,0.3,0.8,1.2,63.4
184,Luka Doncic,DAL,69,45,24,37.5,33.8,91.8,35.8,8.3,5.46,4.81,0.368,0.8,2.1,1.1,0.679,0.547,0.759,17.8,4.9,7.9,61.6,2.7,3.5,76.6,73.2,6.6,37.0,2.2,12.1,1.0,5.8,1.7,9.8,13.0,61.6,2.6,39.1,15.1,41.3,0.9,52.3,1.2,45.0,0.5,53.6,57.2,0.9,0.4,47.5,2.3,37.6,0.1,38.6,8.5,8.4,1.5,18.0,12.1,69.0,0.7,73.2,5.9,1.4,0.5,2.3,3.3,69.7
185,Luka Samanic,UTA,42,15,27,9.3,4.0,13.3,7.4,0.4,1.73,0.93,0.305,0.4,0.5,1.3,1.176,0.682,0.778,1.5,0.3,0.7,43.3,0.1,0.2,50.0,50.8,0.5,32.3,0.1,4.6,0.2,10.8,0.1,7.7,0.8,43.3,0.9,21.7,0.0,33.3,1.0,55.2,0.4,45.5,0.5,90.0,42.4,0.7,0.4,52.4,2.0,34.4,0.1,36.2,5.3,2.5,0.6,23.7,3.7,68.5,0.4,77.6,5.7,0.1,0.1,0.9,1.3,70.9
186,Luke Kornet,BOS,62,47,15,15.5,5.2,16.9,11.5,0.4,1.37,0.26,0.306,1.0,0.1,4.8,0.339,0.286,0.923,0.1,0.0,0.0,0.0,0.0,0.0,0.0,0.0,0.0,50.0,0.0,0.0,0.0,25.0,0.0,0.0,0.0,0.0,0.0,100.0,0.0,0.0,4.5,69.5,0.0,25.0,0.3,63.6,69.6,2.1,1.4,70.4,4.5,45.5,0.2,47.1,4.5,2.5,1.0,39.3,4.8,52.2,0.6,60.3,5.2,0.4,1.0,1.8,3.3,53.9
187,Malaki Branham,SAS,74,17,57,21.2,9.1,34.2,18.2,1.8,3.18,2.52,0.265,0.5,0.0,0.7,1.029,0.0,1.019,4.3,1.2,2.5,48.1,0.1,0.1,80.0,59.7,1.3,31.1,0.2,5.7,0.3,6.7,0.1,1.6,2.5,48.1,3.2,36.0,1.6,33.8,0.7,69.4,0.0,0.0,0.5,78.9,50.4,0.5,0.1,22.2,1.3,35.5,0.1,37.5,15.1,2.0,0.2,11.0,3.5,57.0,0.3,62.1,9.9,0.4,0.1,1.0,1.4,73.0
188,Mamadi Diakite,NYK,6,5,1,4.1,2.0,6.7,4.2,0.2,1.79,0.8,0.3,0.5,0.2,0.8,1.333,1.0,1.2,0.2,0.0,0.0,0.0,0.0,0.0,0.0,0.0,0.2,100.0,0.0,0.0,0.0,0.0,0.0,0.0,0.0,0.0,0.3,50.0,0.0,0.0,1.0,50.0,0.2,0.0,0.7,100.0,66.7,0.3,0.0,0.0,0.7,50.0,0.0,50.0,3.1,1.0,0.3,33.3,2.0,50.0,0.0,50.0,5.4,0.2,0.2,0.3,0.3,100.0
189,Maozinha Pereira,MEM,7,2,5,17.4,6.9,22.4,11.6,0.5,1.38,0.64,0.306,0.7,0.0,2.9,0.8,0.0,1.35,0.7,0.1,0.6,25.0,0.0,0.0,0.0,40.0,0.0,0.0,0.0,0.0,0.1,20.0,0.0,0.0,0.3,25.0,2.1,41.7,0.0,0.0,3.9,84.6,0.0,0.0,0.6,50.0,58.6,1.8,1.2,63.6,3.7,50.0,0.2,52.4,9.0,4.3,0.8,19.2,7.7,56.5,0.8,63.4,4.8,0.9,0.6,1.1,2.0,57.1
190,MarJon Beauchamp,MIL,48,30,18,12.7,4.4,12.7,7.7,0.5,2.31,1.86,0.345,0.1,0.0,0.6,1.2,0.0,0.867,1.3,0.3,0.5,52.0,0.2,0.2,100.0,55.7,0.6,47.5,0.1,11.5,0.1,4.9,0.1,6.6,0.7,52.0,1.5,48.1,0.8,38.6,0.5,66.7,0.0,0.0,0.1,66.7,57.8,0.6,0.3,45.5,1.6,35.5,0.0,35.5,9.5,1.9,0.3,16.9,2.9,67.0,0.2,72.0,8.0,0.3,0.1,0.7,1.0,69.4
191,Marcus Morris Sr.,CLE,49,26,23,16.7,6.4,20.8,12.7,0.7,2.07,1.03,0.31,0.4,0.5,0.8,0.619,0.885,0.795,1.2,0.4,0.8,47.4,0.3,0.3,92.9,82.0,0.3,23.0,0.1,4.9,0.0,1.6,0.1,11.5,1.0,47.4,2.8,41.4,1.8,40.4,0.6,56.5,0.5,50.0,0.3,41.7,53.0,0.6,0.4,73.9,1.3,44.2,0.1,46.0,7.8,2.8,0.5,17.3,4.0,68.3,0.3,72.8,6.0,0.3,0.3,1.1,1.6,72.7
192,Markieff Morris,DAL,25,14,11,8.5,2.4,11.6,6.8,0.3,1.73,0.68,0.207,0.3,0.2,0.3,0.286,0.25,0.25,0.4,0.1,0.4,20.0,0.0,0.0,0.0,40.0,0.0,0.0,0.0,0.0,0.0,0.0,0.0,0.0,0.2,20.0,1.4,31.6,0.6,31.6,0.1,25.0,0.0,0.0,0.1,50.0,41.7,0.2,0.1,25.0,0.7,33.3,0.0,33.3,5.3,2.0,0.8,38.2,3.6,55.7,0.2,59.6,5.6,0.2,0.1,1.0,1.6,64.1
193,Marvin Bagley III,WAS,50,7,43,21.1,11.7,33.1,19.0,0.9,1.62,0.64,0.352,2.5,0.7,5.8,0.789,0.676,1.096,1.9,0.4,1.2,36.1,0.5,0.6,83.3,78.5,0.3,14.0,0.0,2.2,0.1,3.2,0.3,16.1,1.5,36.1,1.1,41.1,0.2,41.7,6.4,70.4,0.5,50.0,1.9,60.0,59.7,2.7,1.9,71.5,4.9,54.4,0.1,55.1,4.9,3.7,1.1,30.2,5.9,62.5,0.7,70.5,4.8,0.4,0.7,2.8,4.6,61.3
194,Mason Plumlee,LAC,46,29,17,14.7,5.3,24.8,12.1,0.8,1.88,0.72,0.214,1.7,0.3,4.0,0.425,0.857,0.896,0.8,0.0,0.4,11.8,0.2,0.2,70.0,28.9,0.3,31.6,0.1,10.5,0.0,5.3,0.1,13.2,0.2,11.8,0.0,0.0,0.0,33.3,3.6,67.0,0.3,42.9,0.7,58.8,56.9,1.4,1.0,75.0,3.5,38.7,0.1,39.5,4.4,4.0,1.0,25.9,6.3,62.4,0.6,68.5,4.7,0.3,0.4,2.4,4.0,59.6
195,Matisse Thybulle,POR,64,17,47,22.7,5.3,26.8,14.7,0.8,1.75,1.0,0.199,0.3,0.0,0.5,0.2,0.0,0.581,1.7,0.3,0.6,52.5,0.2,0.3,81.3,52.3,0.8,45.0,0.3,14.7,0.1,8.3,0.1,7.3,0.9,52.5,3.5,35.9,0.2,19.2,0.3,60.0,0.0,0.0,0.1,16.7,51.8,0.5,0.2,32.1,1.1,43.8,0.1,45.9,11.3,1.9,0.3,15.4,3.4,54.2,0.3,59.1,8.2,1.7,0.8,1.1,1.5,73.7
196,Matt Hurt,MEM,8,2,6,14.2,4.0,16.8,10.6,0.4,1.51,0.6,0.239,0.5,0.0,0.8,0.5,0.0,0.667,0.6,0.3,0.3,100.0,0.3,0.3,100.0,120.0,0.1,20.0,0.1,20.0,0.1,20.0,0.1,20.0,0.8,100.0,2.0,27.3,0.6,40.0,0.5,50.0,0.0,0.0,0.3,100.0,42.6,1.3,0.4,33.3,1.9,69.2,0.3,81.8,12.7,1.0,0.3,28.6,4.0,25.0,0.7,30.4,7.7,0.4,0.4,2.4,2.9,82.6
197,Matt Ryan,NOP,28,14,14,13.9,5.4,16.8,10.8,0.5,1.7,0.76,0.324,0.2,0.0,0.3,0.4,0.0,0.75,0.8,0.1,0.3,28.6,0.1,0.1,100.0,26.1,0.4,43.5,0.0,4.3,0.1,13.0,0.0,4.3,0.2,28.6,4.1,45.9,0.6,27.3,0.2,66.7,0.0,0.0,0.1,50.0,61.5,0.4,0.1,16.7,0.7,50.0,0.0,50.0,18.0,2.0,0.4,17.6,3.6,55.7,0.2,58.6,6.4,0.2,0.0,1.1,1.4,78.9
198,Max Strus,CLE,70,43,27,32.0,12.2,55.1,34.1,1.8,1.92,1.27,0.221,0.6,0.0,1.5,0.8,0.0,0.972,4.2,0.5,1.4,36.8,0.2,0.3,83.3,29.0,2.3,54.5,0.7,17.5,0.3,7.4,0.1,3.0,1.2,36.8,6.7,36.6,0.8,29.0,1.5,73.0,0.0,0.0,0.5,62.5,53.3,1.0,0.5,48.5,2.3,41.8,0.1,42.9,10.0,3.9,0.6,15.1,6.2,63.8,0.4,68.7,7.9,0.9,0.4,1.7,2.5,67.2
199,Maxi Kleber,DAL,42,26,16,20.3,4.5,23.8,14.5,0.6,1.41,0.37,0.191,0.7,0.1,1.8,0.226,0.5,0.527,1.0,0.3,0.5,59.1,0.2,0.2,87.5,82.9,0.3,26.8,0.1,9.8,0.1,9.8,0.1,12.2,0.8,59.1,2.3,35.1,0.3,50.0,0.9,60.9,0.0,50.0,0.2,50.0,54.9,0.7,0.3,41.4,1.9,37.7,0.1,38.7,9.8,2.7,0.8,28.7,4.7,57.4,0.5,63.5,6.5,0.4,0.7,2.2,3.4,65.0
200,Maxwell Lewis,LAL,33,17,16,2.9,0.2,2.7,1.6,0.1,2.69,2.09,0.091,0.0,0.0,0.0,0.0,0.0,0.0,0.4,0.1,0.2,33.3,0.0,0.0,0.0,30.8,0.2,38.5,0.0,0.0,0.1,15.4,0.0,0.0,0.1,33.3,0.0,0.0,0.1,14.3,0.0,0.0,0.0,0.0,0.0,0.0,17.6,0.7,0.3,50.0,1.0,66.7,0.0,66.7,13.4,0.3,0.0,0.0,1.7,20.0,0.0,20.0,12.4,0.1,0.0,0.3,0.4,75.0
201,Michael Porter Jr.,DEN,79,55,24,31.7,16.7,41.6,26.3,1.4,1.99,0.97,0.403,1.3,0.1,2.5,0.631,0.5,1.077,2.5,0.8,1.5,52.1,0.1,0.1,83.3,63.7,0.8,32.3,0.2,7.0,0.2,7.0,0.0,1.5,1.6,52.1,7.5,44.4,3.6,39.7,2.7,67.4,0.0,50.0,0.8,48.3,58.2,1.3,0.7,49.5,3.0,44.3,0.0,44.9,7.2,5.7,1.3,23.5,8.7,65.7,0.7,71.9,5.2,0.5,0.6,2.2,3.2,67.8
202,Mikal Bridges,BKN,79,32,47,34.9,19.8,57.7,36.9,2.8,2.93,2.35,0.344,0.8,0.4,1.3,0.727,0.294,0.748,11.0,2.5,5.3,47.4,1.2,1.5,81.0,57.6,3.9,35.6,0.9,8.6,0.7,6.4,0.7,6.7,6.3,47.4,6.7,38.7,4.7,38.5,1.0,62.3,0.1,66.7,0.6,66.7,52.3,0.9,0.3,34.8,2.1,42.0,0.1,43.7,12.3,3.9,0.8,19.4,6.5,60.3,0.6,66.6,7.9,1.0,0.4,1.8,2.7,67.8
203,Mike Muscala,OKC,53,17,36,11.3,3.0,16.4,9.5,0.4,1.3,0.36,0.18,0.8,0.1,1.5,0.465,0.333,0.584,0.2,0.0,0.0,0.0,0.0,0.0,0.0,0.0,0.2,84.6,0.0,15.4,0.0,0.0,0.0,0.0,0.0,0.0,1.7,29.2,0.1,25.0,0.8,51.4,0.0,25.0,0.4,47.1,44.9,0.9,0.6,64.1,1.7,53.4,0.0,54.9,5.6,2.0,0.5,23.3,3.7,54.1,0.5,63.2,5.7,0.2,0.2,1.8,2.8,64.0
204,Miles Bridges,CHA,68,16,52,37.4,21.0,65.5,37.5,2.7,2.44,1.56,0.32,0.9,0.8,2.3,0.629,0.273,1.182,10.0,2.8,5.9,48.4,1.1,1.3,84.6,70.4,2.7,26.7,0.4,4.3,0.6,6.0,0.7,6.7,7.1,48.4,5.2,38.2,3.6,31.9,2.8,77.7,0.2,23.8,0.6,50.0,52.4,1.0,0.6,57.1,2.9,36.6,0.1,37.8,8.7,6.3,1.3,19.8,9.1,69.6,0.6,74.6,5.6,0.9,0.5,2.5,3.9,66.0
205,Mitchell Robinson,NYK,31,19,12,24.8,5.6,26.1,13.7,0.6,1.31,0.26,0.214,0.7,0.2,7.1,0.174,0.667,0.729,0.1,0.1,0.1,66.7,0.0,0.0,0.0,100.0,0.0,0.0,0.0,0.0,0.0,25.0,0.0,0.0,0.1,66.7,0.0,0.0,0.0,0.0,5.2,58.3,0.1,50.0,0.1,40.0,57.5,4.6,3.6,78.2,8.0,57.0,0.3,58.9,4.2,3.9,1.6,42.1,6.5,60.5,0.6,66.5,5.8,1.2,1.1,3.0,4.5,65.7
206,Moritz Wagner,ORL,80,46,34,17.7,10.9,28.6,19.7,0.8,1.73,0.73,0.379,2.7,0.4,4.4,0.749,0.629,1.055,1.9,0.7,1.1,61.8,0.6,0.7,90.4,107.2,0.3,15.7,0.1,3.9,0.1,7.2,0.3,17.0,2.1,61.8,1.5,34.7,0.0,12.5,4.6,72.8,0.3,39.1,2.1,69.1,63.6,1.5,0.9,61.5,4.0,37.5,0.2,39.4,5.9,2.9,0.8,26.1,5.1,57.9,0.6,65.9,5.3,0.5,0.3,1.6,2.5,62.6
207,Mouhamadou Gueye,TOR,11,0,11,10.9,2.4,16.9,11.7,0.6,1.96,0.9,0.14,2.1,0.0,2.7,0.565,0.0,0.4,1.4,0.0,0.7,0.0,0.1,0.2,50.0,6.7,0.4,26.7,0.0,0.0,0.1,6.7,0.1,6.7,0.1,0.0,0.0,0.0,0.2,100.0,1.1,37.5,0.0,0.0,1.2,46.2,28.9,1.3,1.1,83.3,2.3,57.1,0.0,57.1,4.5,1.2,0.4,36.4,2.9,42.3,0.2,45.8,4.7,0.3,1.6,2.3,4.1,55.6
208,Mouhamed Gueye,ATL,6,2,4,12.1,4.0,20.8,10.7,0.5,1.42,0.39,0.192,1.0,0.0,2.3,0.833,0.0,0.571,0.3,0.2,0.2,100.0,0.0,0.0,0.0,100.0,0.2,50.0,0.2,50.0,0.0,0.0,0.0,0.0,0.3,100.0,1.5,33.3,0.0,0.0,1.3,33.3,0.0,0.0,0.8,66.7,41.3,2.5,1.5,60.0,3.8,66.7,0.0,66.7,9.9,3.0,0.3,8.3,4.0,75.0,0.0,75.0,5.7,0.8,0.7,0.8,1.2,71.4
209,Moussa Diabate,LAC,11,7,4,5.8,2.6,8.5,4.7,0.2,1.63,0.56,0.312,0.4,0.2,2.3,1.0,0.0,0.88,0.1,0.0,0.1,0.0,0.0,0.0,0.0,0.0,0.0,0.0,0.0,0.0,0.0,0.0,0.0,0.0,0.0,0.0,0.0,0.0,0.0,0.0,2.0,69.2,0.0,0.0,0.4,100.0,52.6,1.7,1.4,86.7,3.2,51.7,0.3,57.7,3.6,1.0,0.3,33.3,1.9,52.9,0.2,60.0,4.2,0.5,0.1,0.5,1.0,54.5
210,Myles Turner,IND,77,45,32,27.0,17.1,36.8,27.4,0.9,1.48,0.54,0.463,3.4,1.3,5.7,0.913,0.778,1.104,2.0,0.7,1.4,52.4,0.4,0.6,77.3,97.4,0.2,8.4,0.1,2.6,0.2,7.7,0.3,14.2,2.0,52.4,5.7,42.1,0.7,42.2,6.3,68.1,1.0,48.3,3.1,62.2,58.7,1.5,0.9,64.6,3.7,39.8,0.1,41.2,6.6,5.5,1.8,32.1,9.6,56.5,1.0,63.3,4.8,0.5,1.9,4.9,8.4,58.8
211,Naji Marshall,NOP,65,41,24,19.2,7.1,32.4,15.5,1.5,2.71,2.27,0.219,0.5,0.0,1.2,0.677,0.0,0.6,3.5,0.9,1.8,49.2,0.4,0.6,80.6,64.5,1.1,30.7,0.3,8.8,0.2,4.8,0.3,7.9,2.3,49.2,2.6,40.4,0.5,30.6,0.7,62.5,0.0,0.0,0.3,75.0,54.1,0.8,0.4,49.0,1.6,49.5,0.0,50.0,9.8,2.9,0.7,22.7,5.0,59.1,0.6,66.5,6.9,0.8,0.2,1.2,1.8,68.4
212,Nassir Little,PHX,45,28,17,10.2,3.4,12.3,6.8,0.4,1.86,1.05,0.275,0.2,0.0,0.4,0.75,0.0,0.941,1.1,0.4,0.6,69.2,0.0,0.0,0.0,77.6,0.4,34.7,0.1,8.2,0.1,12.2,0.0,0.0,0.8,69.2,1.3,30.2,0.3,40.0,0.4,85.7,0.0,0.0,0.1,100.0,54.4,0.5,0.2,50.0,1.5,31.8,0.1,35.0,11.7,2.0,0.3,16.4,3.9,52.1,0.5,60.4,6.2,0.2,0.2,0.9,1.4,66.1
213,Nate Hinton,HOU,15,8,7,5.0,2.2,8.7,3.7,0.4,3.09,2.78,0.254,0.1,0.0,0.4,0.0,0.0,0.167,0.6,0.1,0.2,33.3,0.1,0.1,100.0,44.4,0.3,55.6,0.2,33.3,0.0,0.0,0.1,11.1,0.3,33.3,0.6,33.3,0.8,57.1,0.1,0.0,0.0,0.0,0.0,0.0,55.8,0.8,0.3,42.9,1.0,77.8,0.1,87.5,11.7,1.7,0.2,13.3,2.8,60.0,0.3,68.2,6.6,0.2,0.1,0.2,0.3,75.0
214,Naz Reid,MIN,81,56,25,24.2,13.5,39.7,23.0,1.2,1.74,0.96,0.339,0.9,1.4,1.8,0.622,0.43,0.883,3.9,1.3,2.6,51.9,0.3,0.5,70.0,78.6,0.6,16.4,0.2,4.1,0.3,8.5,0.2,6.3,3.1,51.9,6.2,42.5,0.5,39.1,1.6,63.8,0.6,35.5,0.6,63.0,57.6,0.9,0.5,54.8,2.3,39.9,0.1,41.5,8.3,4.4,1.2,27.4,7.0,62.4,0.7,68.9,5.6,0.8,0.9,1.9,3.2,58.9
215,Nicolas Batum,PHI,59,35,24,25.6,5.4,31.6,18.5,0.8,1.45,0.54,0.172,1.1,0.0,1.8,0.172,1.5,0.661,0.2,0.0,0.0,50.0,0.0,0.0,50.0,25.0,0.1,50.0,0.0,0.0,0.1,25.0,0.0,8.3,0.1,50.0,3.6,41.2,0.4,36.4,1.2,65.4,0.1,100.0,0.2,83.3,60.3,1.2,0.7,59.4,2.4,49.3,0.1,50.4,6.9,3.0,0.5,16.1,4.5,66.9,0.3,72.5,6.5,0.8,0.6,1.6,2.6,63.8
216,Nikola Jovic,MIA,46,24,22,19.5,7.7,31.4,16.3,1.3,2.5,1.52,0.244,0.3,0.3,1.1,0.733,0.0,0.673,2.5,0.5,1.0,54.5,0.3,0.3,81.3,54.3,1.1,44.0,0.2,8.6,0.2,7.8,0.2,6.9,1.4,54.5,3.7,39.9,0.7,38.7,0.7,53.3,0.0,0.0,0.2,50.0,56.8,0.6,0.4,58.3,1.6,38.7,0.1,40.0,7.9,4.1,1.0,23.3,6.9,59.5,0.8,67.6,6.7,0.5,0.3,1.9,2.8,67.2
217,Noah Clowney,BKN,22,10,12,14.9,5.3,19.4,11.8,0.5,1.56,0.56,0.274,1.2,0.2,2.3,0.333,0.0,1.08,0.9,0.2,0.4,55.6,0.1,0.2,50.0,63.2,0.3,36.8,0.0,5.3,0.0,0.0,0.1,10.5,0.5,55.6,1.5,35.5,0.0,0.0,2.5,71.9,0.0,0.0,0.4,33.3,60.2,1.4,0.8,60.0,3.0,46.3,0.2,49.0,5.3,2.9,0.6,19.2,5.3,54.7,0.4,59.8,4.5,0.3,0.7,1.7,3.0,57.6
218,OG Anunoby,NYK,50,31,19,34.0,14.7,40.9,29.5,1.3,1.89,1.1,0.358,0.8,0.3,2.4,0.951,0.286,0.958,6.1,1.2,2.5,48.0,0.6,0.6,93.8,49.0,2.5,41.5,0.7,12.1,0.6,9.8,0.3,5.2,3.0,48.0,5.7,40.1,1.7,38.8,2.3,67.6,0.1,40.0,0.8,64.3,57.7,0.9,0.5,57.4,2.7,35.1,0.1,36.7,9.1,3.2,0.8,24.8,5.7,56.7,0.5,62.6,7.2,1.4,0.7,2.0,3.2,63.9
219,Obi Toppin,IND,82,47,35,21.1,10.3,32.4,18.6,0.8,1.49,0.69,0.317,0.5,0.2,2.8,0.881,0.462,1.19,2.2,0.6,1.0,54.8,0.2,0.2,75.0,61.0,0.9,39.6,0.2,9.3,0.1,6.6,0.1,5.5,1.4,54.8,3.4,40.5,0.5,37.8,3.3,78.8,0.1,33.3,0.5,73.3,66.1,1.1,0.5,42.4,2.2,50.3,0.0,51.2,8.2,3.0,0.5,17.0,5.0,60.6,0.4,65.8,5.5,0.6,0.5,1.3,2.0,65.9
220,Olivier-Maxence Prosper,DAL,40,24,16,8.4,3.0,10.2,5.0,0.5,2.68,2.04,0.297,0.3,0.0,0.7,0.769,0.0,0.63,1.5,0.2,0.6,34.8,0.3,0.4,75.0,48.3,0.6,37.9,0.2,10.3,0.1,5.2,0.2,15.5,0.7,34.8,0.9,27.3,0.2,37.5,0.4,50.0,0.0,0.0,0.3,83.3,44.7,1.0,0.4,36.0,2.4,42.4,0.1,44.6,9.6,2.2,0.3,13.0,3.2,67.5,0.2,72.0,7.7,0.2,0.1,0.7,1.1,57.8
221,Onuralp Bitim,CHI,22,11,11,11.7,3.4,14.1,8.9,0.4,1.77,1.01,0.239,0.3,0.0,0.3,0.667,0.0,0.857,1.6,0.4,0.9,42.1,0.0,0.0,0.0,45.7,0.6,40.0,0.1,8.6,0.1,5.7,0.0,0.0,0.7,42.1,1.2,25.0,0.5,31.3,0.3,60.0,0.0,0.0,0.2,50.0,43.2,0.5,0.1,20.0,0.9,55.6,0.0,55.6,15.2,2.6,0.6,23.1,3.7,70.3,0.4,78.8,7.5,0.1,0.1,0.5,0.5,83.3
222,Onyeka Okongwu,ATL,55,23,32,25.5,10.2,28.5,19.4,0.6,1.21,0.34,0.358,1.8,0.2,6.1,0.653,1.083,1.027,0.5,0.2,0.3,68.8,0.1,0.1,100.0,92.9,0.1,25.0,0.0,0.0,0.1,10.7,0.0,7.1,0.5,68.8,1.5,38.0,0.0,100.0,6.3,68.9,0.2,50.0,1.2,55.3,64.2,2.6,1.3,49.7,5.0,52.7,0.1,53.7,6.5,4.2,1.2,28.1,7.1,59.1,0.6,64.5,5.2,0.5,1.1,3.4,5.7,59.6
223,Oscar Tshiebwe,IND,8,2,6,5.2,3.3,6.6,4.4,0.2,1.46,0.36,0.491,0.5,0.3,2.5,1.0,1.0,0.9,0.0,0.0,0.0,0.0,0.0,0.0,0.0,0.0,0.0,0.0,0.0,0.0,0.0,0.0,0.0,0.0,0.0,0.0,0.3,50.0,0.0,0.0,2.3,46.2,0.3,50.0,0.5,100.0,50.0,1.3,0.3,25.0,3.8,34.8,0.8,44.4,4.7,1.3,0.3,25.0,2.3,57.1,0.5,72.7,4.0,0.3,0.1,0.5,0.9,57.1
224,Oshae Brissett,BOS,55,46,9,11.5,3.7,15.6,7.1,0.5,2.05,1.13,0.235,0.3,0.0,1.6,0.667,1.0,0.573,1.3,0.3,0.6,50.0,0.3,0.5,61.5,75.7,0.3,22.9,0.1,7.1,0.1,8.6,0.2,18.6,1.0,50.0,0.8,29.4,0.1,23.1,0.9,55.6,0.0,0.0,0.2,44.4,49.3,1.3,0.8,59.0,3.2,41.2,0.2,44.2,6.9,2.2,0.6,28.3,3.7,57.6,0.4,65.1,5.5,0.3,0.1,0.7,1.1,67.2
225,Otto Porter Jr.,TOR,15,6,9,11.6,2.6,14.0,7.5,0.3,1.48,0.31,0.186,0.2,0.0,0.6,1.333,0.0,0.667,0.3,0.1,0.1,100.0,0.1,0.1,100.0,100.0,0.2,60.0,0.0,0.0,0.0,0.0,0.1,20.0,0.3,100.0,1.7,39.1,0.0,0.0,0.4,60.0,0.0,0.0,0.3,100.0,54.5,0.5,0.3,50.0,1.3,40.0,0.0,40.0,9.6,1.9,0.3,13.0,3.0,63.9,0.6,79.3,7.1,0.3,0.3,1.1,1.8,59.3
226,Ousmane Dieng,OKC,33,21,12,11.1,4.0,14.8,10.2,0.5,2.06,1.22,0.271,0.5,0.0,1.0,0.556,0.0,0.906,1.3,0.1,0.5,26.7,0.1,0.1,100.0,21.4,0.7,54.8,0.2,16.7,0.1,7.1,0.1,4.8,0.3,26.7,1.9,35.0,0.3,22.7,0.9,76.9,0.0,0.0,0.3,100.0,51.3,0.4,0.3,70.0,0.8,47.6,0.1,52.6,9.2,1.6,0.7,43.9,2.8,56.9,0.2,61.2,7.0,0.2,0.2,0.9,1.4,68.9
227,P.J. Tucker,LAC,31,13,18,15.7,1.7,13.4,6.1,0.3,1.4,0.45,0.125,0.3,0.0,1.2,0.2,0.0,0.162,0.3,0.0,0.0,0.0,0.0,0.0,0.0,0.0,0.2,55.6,0.1,22.2,0.1,33.3,0.0,0.0,0.0,0.0,1.3,37.8,0.0,0.0,0.2,37.5,0.0,0.0,0.1,0.0,49.0,1.1,0.4,39.3,2.4,46.7,0.2,50.9,7.4,2.3,0.5,21.1,4.0,57.6,0.6,67.1,7.7,0.5,0.2,1.2,1.5,80.0
228,P.J. Washington,DAL,72,29,43,30.4,12.9,46.0,23.9,1.3,1.66,0.8,0.281,1.4,0.4,2.5,0.534,0.448,1.073,4.5,1.0,2.3,43.7,0.3,0.6,55.6,55.6,1.5,33.0,0.4,9.3,0.3,6.5,0.3,7.1,2.5,43.7,5.1,34.2,0.9,28.3,2.7,72.4,0.2,33.3,0.8,60.5,51.7,1.2,0.5,40.0,2.8,42.7,0.2,45.7,10.9,4.6,1.1,23.8,7.8,58.6,0.6,63.8,5.8,1.0,0.8,2.6,4.1,62.5
229,Paolo Banchero,ORL,80,46,34,35.0,22.6,76.4,37.3,5.5,4.31,3.48,0.295,1.5,2.2,2.3,0.725,0.483,1.0,12.7,2.5,5.8,43.7,2.4,3.2,73.0,60.2,4.0,31.1,1.0,8.0,0.9,7.3,1.6,12.8,7.7,43.7,2.2,36.3,6.6,38.2,2.3,67.0,1.1,45.2,1.1,53.3,49.7,1.0,0.5,48.8,3.1,33.1,0.2,34.7,8.9,5.9,1.0,16.9,9.2,64.2,0.7,69.8,5.7,0.9,0.6,3.0,4.6,66.3
230,Pascal Siakam,IND,80,38,42,33.2,21.7,58.3,35.6,2.6,2.68,2.07,0.372,1.4,2.1,4.2,0.73,0.635,1.189,11.5,2.8,5.6,50.2,1.1,1.4,80.9,59.7,4.3,37.4,1.1,9.1,0.5,4.6,0.7,6.1,6.9,50.2,3.3,36.6,3.0,43.0,5.0,74.4,1.4,57.0,1.1,72.9,56.9,1.7,0.9,53.2,3.6,48.9,0.2,52.5,8.0,5.3,0.9,16.2,7.7,69.6,0.6,75.1,6.5,0.8,0.3,2.3,3.4,66.1
231,Patrick Baldwin Jr.,WAS,38,6,32,13.0,4.4,18.3,9.2,0.5,1.49,0.56,0.242,0.3,0.1,0.8,1.583,0.0,0.733,1.1,0.2,0.5,40.0,0.1,0.2,50.0,52.5,0.2,22.5,0.1,7.5,0.2,15.0,0.1,7.5,0.6,40.0,2.4,33.7,0.1,11.1,0.6,45.0,0.0,0.0,0.5,77.8,48.1,0.5,0.3,47.1,1.2,45.9,0.0,47.2,7.4,3.3,1.1,32.1,5.4,61.3,0.6,68.8,5.2,0.5,0.4,1.2,2.1,60.3
232,Patrick Williams,CHI,43,19,24,27.3,10.0,38.3,20.5,1.2,1.87,1.35,0.26,0.3,0.0,1.4,0.333,0.0,0.738,4.9,1.0,2.5,38.0,0.4,0.6,75.0,49.5,1.5,30.0,0.3,6.7,0.4,9.0,0.3,5.7,2.4,38.0,3.6,38.8,2.1,45.7,1.0,61.5,0.0,0.0,0.1,66.7,52.5,1.2,0.6,54.3,2.6,44.2,0.1,45.5,8.5,3.0,0.4,14.2,5.1,59.1,0.6,66.7,6.1,0.9,0.8,1.7,2.4,71.6
233,Paul George,LAC,73,47,26,33.7,22.6,56.8,30.0,3.3,3.53,2.78,0.397,1.2,1.0,1.5,0.697,0.69,0.847,7.5,1.6,3.2,49.8,1.1,1.2,90.8,59.8,2.9,39.1,0.8,10.1,0.6,7.5,0.6,8.0,4.5,49.8,7.0,46.2,7.0,40.8,1.3,62.5,0.7,54.1,0.8,54.2,56.9,0.5,0.3,62.2,1.6,32.5,0.1,34.3,10.9,4.7,0.9,19.7,7.8,61.0,0.7,67.3,6.4,1.5,0.5,2.4,3.7,64.3
234,Paul Reed,PHI,81,46,35,19.3,7.2,28.0,16.5,0.8,1.67,0.69,0.259,2.0,0.1,4.2,0.646,0.167,0.751,1.5,0.5,0.9,54.2,0.2,0.2,85.0,80.8,0.3,21.7,0.1,4.2,0.1,6.7,0.1,8.3,1.2,54.2,1.3,45.0,0.3,33.3,3.1,60.3,0.0,14.3,1.3,54.8,56.3,2.3,1.6,70.7,4.8,48.1,0.1,49.1,5.0,3.6,1.4,38.9,6.5,54.3,0.7,60.8,4.7,0.8,1.0,3.0,4.9,60.5
235,Pete Nance,CLE,8,3,5,3.4,0.4,3.5,2.1,0.1,1.85,0.93,0.107,0.0,0.4,0.0,0.0,0.0,0.0,0.1,0.0,0.1,0.0,0.0,0.0,0.0,0.0,0.0,0.0,0.0,0.0,0.0,0.0,0.0,0.0,0.0,0.0,0.4,100.0,0.0,0.0,0.0,0.0,0.0,0.0,0.0,0.0,25.0,0.0,0.0,0.0,0.0,0.0,0.0,0.0,0.0,1.0,0.0,0.0,1.3,75.0,0.0,75.0,6.5,0.1,0.0,0.1,0.1,100.0
236,Precious Achiuwa,NYK,74,40,34,21.9,7.6,32.9,19.6,1.0,1.82,0.82,0.232,1.5,0.1,4.2,0.37,0.4,0.82,2.3,0.6,1.4,43.3,0.2,0.4,46.7,62.9,0.4,17.6,0.1,5.9,0.2,8.8,0.2,8.8,1.4,43.3,1.1,27.6,0.2,19.4,3.4,62.1,0.1,66.7,0.5,48.5,52.9,2.7,1.8,67.5,5.7,46.7,0.2,48.6,6.4,4.1,1.3,31.8,6.6,62.2,0.6,68.8,5.3,0.6,0.9,2.8,4.6,60.7
237,RJ Barrett,TOR,58,26,32,31.7,20.2,53.0,32.3,2.4,2.72,2.1,0.381,0.9,0.6,2.2,1.0,0.531,1.131,11.4,2.6,5.4,47.9,1.7,2.2,75.4,61.4,3.7,32.7,0.9,7.7,0.8,7.2,1.1,9.8,7.0,47.9,4.6,37.8,0.7,31.3,2.5,69.6,0.3,54.5,0.9,69.7,54.7,0.9,0.4,49.1,2.8,32.7,0.1,33.8,9.1,4.5,0.9,20.2,7.2,62.7,0.6,68.8,6.2,0.5,0.4,2.2,3.3,66.3
238,RaiQuan Gray,SAS,3,2,1,13.0,7.7,20.3,14.3,0.7,2.06,1.57,0.377,1.7,0.7,1.3,0.4,1.0,0.5,2.0,1.0,1.3,75.0,0.0,0.0,0.0,100.0,0.7,33.3,0.3,16.7,0.0,0.0,0.0,0.0,2.0,75.0,3.0,42.9,0.7,50.0,0.7,50.0,0.7,100.0,0.7,100.0,67.6,1.0,1.0,100.0,1.0,100.0,0.0,100.0,1.9,2.5,1.5,60.0,4.0,62.5,0.0,62.5,6.5,0.3,0.3,0.7,1.7,40.0
239,Rayan Rupert,POR,38,6,32,16.3,4.1,23.5,13.9,0.8,2.15,1.64,0.174,0.2,0.0,0.6,0.333,0.0,0.591,2.9,0.4,1.1,35.0,0.3,0.3,100.0,35.8,1.5,52.3,0.2,8.3,0.1,3.7,0.1,4.6,1.0,35.0,1.7,33.3,0.6,29.6,0.3,41.7,0.0,0.0,0.1,25.0,43.0,0.8,0.3,40.9,1.8,43.1,0.0,43.1,9.1,2.3,0.2,10.4,4.2,54.9,0.7,65.0,6.9,0.3,0.1,0.8,1.2,71.1
240,Reggie Bullock Jr.,HOU,44,24,20,9.5,2.2,10.7,5.5,0.3,1.63,0.54,0.204,0.1,0.0,0.0,0.0,0.0,0.0,0.1,0.0,0.1,66.7,0.0,0.0,0.0,80.0,0.0,40.0,0.0,20.0,0.0,0.0,0.0,0.0,0.1,66.7,1.5,37.7,0.3,41.7,0.0,0.0,0.0,0.0,0.0,0.0,57.9,0.2,0.0,0.0,0.5,40.0,0.0,40.0,22.0,2.2,0.2,7.7,3.0,75.6,0.1,77.4,7.1,0.3,0.1,0.8,1.0,85.7
241,Richaun Holmes,WAS,40,13,27,13.9,5.0,18.3,11.0,0.5,1.57,0.37,0.271,1.5,0.2,3.7,0.534,1.333,0.952,0.4,0.2,0.3,50.0,0.0,0.0,0.0,80.0,0.0,6.7,0.0,0.0,0.1,13.3,0.0,0.0,0.3,50.0,0.2,37.5,0.0,0.0,3.5,60.8,0.2,80.0,0.8,46.7,56.1,2.0,1.4,70.4,4.6,42.5,0.1,43.8,5.1,3.1,0.9,27.9,5.7,54.1,0.8,62.4,5.0,0.3,0.5,1.4,2.3,58.1
242,Robert Covington,PHI,29,20,9,16.8,4.4,21.7,9.9,0.6,1.72,0.61,0.202,0.4,0.0,1.4,0.182,0.0,0.775,1.3,0.3,0.6,50.0,0.3,0.3,90.0,73.0,0.4,35.1,0.0,2.7,0.1,8.1,0.2,13.5,0.9,50.0,1.7,30.8,0.3,50.0,1.1,65.0,0.0,0.0,0.1,100.0,53.6,1.2,0.8,67.7,2.8,43.1,0.1,44.3,6.9,2.5,0.9,34.8,4.5,56.4,0.3,61.1,7.0,1.3,0.6,1.4,1.9,74.1
243,Robert Williams III,POR,6,2,4,19.8,6.8,21.8,12.5,0.5,1.33,0.29,0.313,2.2,0.0,4.7,0.615,0.0,1.036,0.2,0.0,0.2,0.0,0.0,0.0,0.0,0.0,0.0,0.0,0.0,0.0,0.0,0.0,0.0,0.0,0.0,0.0,1.3,66.7,0.0,0.0,4.8,75.0,0.0,0.0,1.3,60.0,65.4,1.8,1.5,81.8,4.2,44.0,0.0,44.0,3.8,4.5,1.2,25.9,5.3,84.4,0.0,84.4,6.3,1.2,1.2,3.0,3.8,78.3
244,Royce O'Neale,PHX,77,38,39,24.6,7.7,43.8,21.3,1.4,1.87,1.03,0.176,0.4,0.0,0.8,0.214,0.0,0.609,2.0,0.3,0.6,44.0,0.2,0.2,75.0,36.6,1.0,51.0,0.3,16.3,0.2,9.2,0.1,5.2,0.7,44.0,4.8,37.9,1.2,35.9,0.5,65.5,0.0,0.0,0.1,60.0,54.6,0.8,0.3,36.8,2.1,35.0,0.1,36.1,9.7,4.1,1.0,23.6,6.8,60.1,0.6,66.2,6.1,0.8,0.5,1.9,2.7,69.0
245,Rui Hachimura,LAL,67,39,28,26.9,13.6,32.3,18.6,1.0,1.87,0.96,0.421,0.8,1.3,3.0,0.893,0.534,1.081,2.7,0.9,1.7,51.8,0.4,0.6,62.5,80.1,0.5,19.9,0.2,6.1,0.1,3.9,0.3,11.0,2.2,51.8,4.7,44.4,1.3,42.3,3.2,69.2,0.7,50.0,0.7,64.7,60.9,0.9,0.5,53.4,2.4,38.4,0.0,38.7,7.3,3.7,0.8,22.1,6.2,59.5,0.5,64.7,6.8,0.6,0.4,2.6,3.8,68.1
246,Saddiq Bey,ATL,63,28,35,32.7,13.7,40.0,23.1,1.1,1.62,0.79,0.342,0.4,0.8,2.8,1.036,0.571,0.886,3.9,0.7,1.9,38.0,1.0,1.2,81.6,65.2,1.0,26.7,0.2,5.7,0.3,7.3,0.6,15.4,2.6,38.0,4.4,32.6,1.2,28.3,2.5,56.1,0.4,36.4,0.5,73.3,49.7,2.7,1.4,50.6,4.9,54.6,0.2,56.5,7.5,3.9,0.7,17.9,5.9,66.1,0.5,71.6,7.5,0.8,0.2,1.7,2.3,70.9
247,Sam Hauser,BOS,78,61,17,22.1,9.1,26.2,14.8,0.6,1.27,0.43,0.346,0.3,0.0,0.8,0.333,0.0,0.77,0.9,0.2,0.4,42.9,0.0,0.1,75.0,39.1,0.4,50.7,0.1,5.8,0.1,5.8,0.0,2.9,0.3,42.9,6.9,42.7,1.0,47.5,0.6,74.2,0.0,0.0,0.1,60.0,62.6,0.6,0.2,26.7,1.5,42.5,0.1,45.0,11.1,3.1,0.5,16.6,5.2,59.9,0.6,67.4,6.6,0.5,0.3,1.5,2.4,60.7
