,index,Roster,LE_Component_1,LE_Component_2,Win_Percentage,Avg Height,Standard Deviation of Roster Height,Season,Distance
0,0,2001ATL,0.00193914465399852,0.005253314944510574,0.3048780487804878,79.7,4.73,2001,0.003596229799254547
1,1,2001BOS,0.00036992266300825085,0.0018606214287834545,0.43902439024390244,79.3,3.68,2001,0.0011152720458958527
2,2,2001CHH,0.002601976542768685,0.0024427633447343024,0.5609756097560976,80.0,3.83,2001,0.0025223699437514936
3,3,2001CHI,-0.0025542980857353255,0.0010335745503639528,0.18292682926829268,78.3,3.6,2001,-0.0007603617676856864
4,4,2001CLE,-4.258932129178978e-05,-0.0028579506552411835,0.36585365853658536,79.4,2.62,2001,-0.0014502699882664866
5,5,2001DAL,0.0006768900937232627,0.0004385435715627775,0.6463414634146342,80.0,4.48,2001,0.0005577168326430201
6,6,2001DEN,0.0011857994872173227,0.00141316215104995,0.4878048780487805,79.6,3.65,2001,0.0012994808191336363
7,7,2001DET,-0.0036850784824388996,0.0027715321661854193,0.3902439024390244,77.9,4.03,2001,-0.00045677315812674016
8,8,2001GSW,0.0008080363709019067,0.0007121110539049126,0.2073170731707317,79.4,3.39,2001,0.0007600737124034097
9,9,2001HOU,0.0011295768938037487,0.0006669144780522996,0.5487804878048781,79.6,3.42,2001,0.0008982456859280241
10,10,2001IND,0.005562780115057941,0.00032873040550754346,0.5,80.9,3.44,2001,0.0029457552602827424
11,11,2001LAC,0.0029895039571379033,-0.0014072815631779028,0.3780487804878049,80.3,2.89,2001,0.0007911111969800003
12,12,2001LAL,0.001135824468272232,-0.0012452233198172213,0.6829268292682927,79.8,3.16,2001,-5.4699425772494585e-05
13,13,2001MIA,-0.0025687945719148485,0.0017928660283500928,0.6097560975609756,78.2,3.52,2001,-0.0003879642717823778
14,14,2001MIL,0.0016822788326108155,-0.0008043184635788502,0.6341463414634146,79.8,2.97,2001,0.0004389801845159827
15,15,2001MIN,0.000195547624528797,0.001224783240373429,0.573170731707317,79.2,3.74,2001,0.000710165432451113
16,16,2001NJN,-2.7308052260176963e-05,0.0009251558857771141,0.3170731707317073,79.1,3.38,2001,0.00044892391675846856
17,17,2001NYK,-0.002027231385974465,0.00035334598864662835,0.5853658536585366,78.6,3.14,2001,-0.0008369426986639184
18,18,2001ORL,0.002004339521183182,0.0015733667224774948,0.524390243902439,79.8,3.55,2001,0.0017888531218303383
19,19,2001PHI,0.0037221806752569947,0.0016671762010577605,0.6829268292682927,80.4,3.99,2001,0.0026946784381573774
20,20,2001PHO,0.004202735586547781,0.0003423925673221698,0.6219512195121951,80.7,3.92,2001,0.0022725640769349752
21,21,2001POR,0.0033266784107659556,0.004739495654584733,0.6097560975609756,79.9,4.9,2001,0.0040330870326753445
22,22,2001SAC,0.0023959713602819117,0.0025697526041145256,0.6707317073170732,80.0,4.03,2001,0.002482861982198219
23,23,2001SAS,0.000854388482544464,0.002426598542146383,0.7073170731707317,79.3,4.19,2001,0.0016404935123454237
24,24,2001SEA,0.00034221945743093476,0.00017110196042688166,0.5365853658536586,79.5,3.44,2001,0.0002566607089289082
25,25,2001TOR,0.0009412045191158371,-0.0006815282184648309,0.573170731707317,79.6,3.14,2001,0.0001298381503255031
26,26,2001UTA,0.002719470579053083,0.0017554398128750727,0.6463414634146342,80.0,3.96,2001,0.002237455195964078
27,27,2001VAN,0.0022069920763918586,-0.00021056433634273163,0.2804878048780488,80.0,3.23,2001,0.0009982138700245634
28,28,2001WAS,-0.00373162506064324,-0.002475181828270903,0.23170731707317074,78.1,2.62,2001,-0.0031034034444570716
29,29,2002ATL,0.00038632154544281046,0.0010961667526911652,0.4024390243902439,79.3,3.4,2002,0.0007412441490669879
30,30,2002BOS,0.00042420411662773163,0.0017588282887410298,0.5975609756097561,79.2,3.55,2002,0.0010915162026843808
31,31,2002CHH,0.0014606199703742176,0.0027135222977107995,0.5365853658536586,79.6,3.81,2002,0.0020870711340425087
32,32,2002CHI,0.00394564067616045,-0.0013481245976918093,0.25609756097560976,80.6,2.91,2002,0.0012987580392343203
33,33,2002CLE,0.0030512820618322826,-0.002185332885134001,0.35365853658536583,80.5,3.32,2002,0.0004329745883491407
34,34,2002DAL,0.001762233934105864,0.0025118883995456755,0.6951219512195121,80.1,4.69,2002,0.0021370611668257698
35,35,2002DEN,-0.0007829245762537264,0.002348970079588399,0.32926829268292684,78.7,3.97,2002,0.0007830227516673362
36,36,2002DET,-0.0040903589050891274,0.0027654796713889257,0.6097560975609756,77.9,4.13,2002,-0.0006624396168501009
37,37,2002GSW,0.0012204834248834583,-0.0023624175152400706,0.25609756097560976,79.9,2.5,2002,-0.0005709670451783061
38,38,2002HOU,0.0011295768938037268,0.0006669144780522532,0.34146341463414637,79.6,3.42,2002,0.00089824568592799
39,39,2002IND,0.004292987695845003,0.0015988135240458579,0.5121951219512195,80.4,3.81,2002,0.0029459006099454305
40,40,2002LAC,0.0025745914845941606,0.0013771694461603813,0.47560975609756095,79.1,5.06,2002,0.0019758804653772707
41,41,2002LAL,0.0011660015204093468,0.0006839170053767568,0.7073170731707317,79.6,3.53,2002,0.0009249592628930518
42,42,2002MEM,-0.00023005595098120487,0.004869494712864559,0.2804878048780488,78.7,4.49,2002,0.002319719380941677
43,43,2002MIA,-0.0021090733830682854,0.0011097732640013916,0.43902439024390244,78.6,3.53,2002,-0.0004996500595334469
44,44,2002MIL,0.000946811130158218,-0.00075436654870584,0.5,79.7,3.28,2002,9.622229072618897e-05
45,45,2002MIN,-0.0006459000024604197,0.0013486288164335232,0.6097560975609756,79.0,3.77,2002,0.0003513644069865517
46,46,2002NJN,0.002214117980117364,-0.0009704417637605735,0.6341463414634146,80.1,3.1,2002,0.0006218381081783952
47,47,2002NYK,-0.0033332710657707648,-0.00013260594446512053,0.36585365853658536,78.2,3.16,2002,-0.0017329385051179425
48,48,2002ORL,0.0012463932043954285,0.0011208547960160089,0.5365853658536586,79.7,3.57,2002,0.0011836240002057186
49,49,2002PHI,-0.0019299367629584297,0.0036130902267844343,0.524390243902439,78.6,4.41,2002,0.0008415767319130023
50,50,2002PHO,0.0025850644946101096,-0.002504536867072664,0.43902439024390244,80.4,3.05,2002,4.026381376872278e-05
51,51,2002POR,-0.0018565446488816018,0.0013072851167746607,0.5975609756097561,78.5,3.87,2002,-0.0002746297660534705
52,52,2002SAC,0.003670865002711246,0.001706608975029039,0.7439024390243902,80.3,3.87,2002,0.0026887369888701426
53,53,2002SAS,7.392049918056321e-06,-0.00012938635955162938,0.7073170731707317,79.4,3.48,2002,-6.099715481678653e-05
54,54,2002SEA,0.004285071126184186,-0.0001667149237857325,0.5487804878048781,80.6,3.36,2002,0.0020591781011992266
55,55,2002TOR,0.002897927653023297,-0.0010295458278208592,0.5121951219512195,80.3,3.12,2002,0.000934190912601219
56,56,2002UTA,0.003342464015348919,-0.0006919143714824996,0.5365853658536586,80.4,3.42,2002,0.0013252748219332098
57,57,2002WAS,-0.0010107863676972455,0.0012796797727896087,0.45121951219512196,78.8,3.82,2002,0.00013444670254618158
58,58,2003ATL,-0.0032936003479075394,0.0029974547062346832,0.4268292682926829,77.9,3.88,2003,-0.00014807282083642809
59,59,2003BOS,0.0007095284912000844,0.002356560429322202,0.5365853658536586,79.2,3.77,2003,0.0015330444602611433
60,60,2003CHI,0.0016398033340439984,-0.0008442104620572868,0.36585365853658536,79.9,3.17,2003,0.0003977964359933558
61,61,2003CLE,0.0023810490397216406,0.000255667383300659,0.2073170731707317,80.2,3.85,2003,0.0013183582115111497
62,62,2003DAL,0.001777062781705258,0.0008286136825406597,0.7317073170731707,80.2,4.45,2003,0.0013028382321229588
63,63,2003DEN,0.00508079345194459,-0.002900484495096657,0.2073170731707317,81.0,2.16,2003,0.0010901544784239668
64,64,2003DET,-0.0010649418782072817,0.0008618988109667571,0.6097560975609756,78.8,3.49,2003,-0.00010152153362026227
65,65,2003GSW,0.0023481336363571207,0.0017804957042724934,0.4634146341463415,79.0,5.06,2003,0.002064314670314807
66,66,2003HOU,0.002645612136603739,0.0010907666600908025,0.524390243902439,80.3,4.31,2003,0.0018681893983472707
67,67,2003IND,0.003725378598833559,-0.0012320149461814344,0.5853658536585366,80.5,3.0,2003,0.0012466818263260622
68,68,2003LAC,0.00132134834194558,-0.001465126025172948,0.32926829268292684,79.8,2.83,2003,-7.18888416136839e-05
69,69,2003LAL,0.001847671161802081,-0.0013743441456925635,0.6097560975609756,80.0,3.01,2003,0.00023666350805475877
70,70,2003MEM,0.0018384242872651862,0.0012770150535169496,0.34146341463414637,79.7,3.6,2003,0.001557719670391068
71,71,2003MIA,-0.0035404397421480104,0.0035650268924429366,0.3048780487804878,77.9,4.18,2003,1.2293575147463102e-05
72,72,2003MIL,-0.000565243328661098,-0.0017361892124529877,0.5121951219512195,79.3,2.71,2003,-0.001150716270557043
73,73,2003MIN,0.0009876760653253131,0.0009387359804296521,0.6219512195121951,79.6,3.53,2003,0.0009632060228774825
74,74,2003NJN,0.0003115712490199764,-0.002296884723292549,0.5975609756097561,79.5,2.65,2003,-0.0009926567371362862
75,75,2003NOH,0.0015679528807071366,0.0005189439432370045,0.573170731707317,79.7,3.37,2003,0.0010434484119720706
76,76,2003NYK,-0.0008359969732130474,-0.0012896758951520763,0.45121951219512196,79.0,2.87,2003,-0.0010628364341825618
77,77,2003ORL,0.0011749851987884097,0.0015166283613346186,0.5121951219512195,79.4,3.56,2003,0.0013458067800615143
78,78,2003PHI,-4.932548193390404e-05,0.0009231751708832571,0.5853658536585366,79.2,3.52,2003,0.00043692484447467654
79,79,2003PHO,0.003245151588404931,-0.0020054778047315,0.5365853658536586,80.4,2.62,2003,0.0006198368918367155
80,80,2003POR,0.0012688185069605576,0.0019103302012026928,0.6097560975609756,79.6,4.5,2003,0.0015895743540816252
81,81,2003SAC,0.0010299411352422023,0.0029239449184782704,0.7195121951219512,79.6,4.11,2003,0.0019769430268602364
82,82,2003SAS,0.0025264491076481886,-0.000655860851165785,0.7317073170731707,80.2,3.41,2003,0.0009352941282412019
83,83,2003SEA,0.0024388267463993957,-0.001426903917877188,0.4878048780487805,80.2,2.79,2003,0.0005059614142611038
84,84,2003TOR,0.0009255145501476355,-0.0017557234119560522,0.2926829268292683,79.5,2.57,2003,-0.0004151044309042084
85,85,2003UTA,0.0013832436580073302,0.0007642595694373293,0.573170731707317,79.6,3.75,2003,0.0010737516137223299
86,86,2003WAS,0.0007482583371209067,0.0007849268875864015,0.45121951219512196,79.5,3.63,2003,0.0007665926123536541
87,87,2004ATL,0.0002605677898077642,0.0002521473616170736,0.34146341463414637,79.2,3.1,2004,0.0002563575757124189
88,88,2004BOS,0.0007065412282619522,0.003778873595034879,0.43902439024390244,79.3,4.35,2004,0.0022427074116484155
89,89,2004CHI,0.003022349134042585,-0.0022366906668543803,0.2804878048780488,80.4,2.62,2004,0.0003928292335941023
90,90,2004CLE,0.004085021475057546,-0.0022464327626574142,0.4268292682926829,80.7,3.12,2004,0.0009192943562000657
91,91,2004DAL,0.0027825421991272883,0.0013589312141199545,0.6341463414634146,80.2,4.58,2004,0.0020707367066236213
92,92,2004DEN,0.001661040044472512,0.004496665367918815,0.524390243902439,78.9,5.44,2004,0.0030788527061956636
93,93,2004DET,0.0018084219823166115,0.0014560769721678522,0.6585365853658537,79.6,3.75,2004,0.001632249477242232
94,94,2004GSW,-0.002554714998378158,0.0038934665911071155,0.45121951219512196,78.0,4.36,2004,0.0006693757963644787
95,95,2004HOU,0.00043876472546276486,0.0004037318136374896,0.5487804878048781,79.8,4.31,2004,0.0004212482695501272
96,96,2004IND,-0.0006256740167603003,0.0007246068547697854,0.7439024390243902,79.0,3.38,2004,4.946641900474254e-05
97,97,2004LAC,0.0013135732484486646,-0.00010117572522309933,0.34146341463414637,79.7,3.28,2004,0.0006061987616127827
98,98,2004LAL,0.0018671850455845842,-0.0006340596085480697,0.6829268292682927,79.9,3.23,2004,0.0006165627185182572
99,99,2004MEM,0.0012179923140357822,0.0008649172312079715,0.6097560975609756,79.6,3.53,2004,0.0010414547726218769
100,100,2004MIA,0.0023779971654013976,-0.0014570118235136076,0.5121951219512195,80.1,3.01,2004,0.000460492670943895
101,101,2004MIL,0.0029345160636810035,0.0005617067092541397,0.5,80.1,3.44,2004,0.0017481113864675716
102,102,2004MIN,0.00188418082361305,-0.0010301078853490488,0.7073170731707317,80.0,3.04,2004,0.0004270364691320006
103,103,2004NJN,0.0005051226158990267,-0.0029865985500142395,0.573170731707317,79.7,2.4,2004,-0.0012407379670576063
104,104,2004NOH,9.488039885438049e-05,0.002834920898063214,0.5,79.1,3.9,2004,0.0014649006484587972
105,105,2004NYK,0.0023381569285532006,-0.0006454548293901297,0.47560975609756095,80.1,3.38,2004,0.0008463510495815355
106,106,2004ORL,0.0002679102364135936,0.0007374052125700042,0.25609756097560976,79.3,3.49,2004,0.0005026577244917989
107,107,2004PHI,-0.001850362976943965,-0.0006031474563534664,0.4024390243902439,78.6,3.08,2004,-0.0012267552166487158
108,108,2004PHO,-0.0011453065004604962,-0.0004177982447637431,0.35365853658536583,78.9,3.04,2004,-0.0007815523726121197
109,109,2004POR,0.0017991023354353422,0.0013893448946179154,0.5,79.5,3.85,2004,0.0015942236150266287
110,110,2004SAC,0.0022178425798416337,0.002447401068713164,0.6707317073170732,79.9,3.98,2004,0.002332621824277399
111,111,2004SAS,0.0014158373914306618,-0.00046990463387972496,0.6951219512195121,79.8,3.23,2004,0.00047296637877546847
112,112,2004SEA,0.0003900557574316473,-0.0007287105409075811,0.45121951219512196,79.5,3.03,2004,-0.00016932739173796692
113,113,2004TOR,0.0011112594181273243,-0.0027034840243450515,0.4024390243902439,79.7,2.32,2004,-0.0007961123031088636
114,114,2004UTA,-0.0017996903011072568,0.002184682204619746,0.5121951219512195,78.8,4.12,2004,0.00019249595175624456
115,115,2004WAS,0.002067930473041836,0.00015207101644057467,0.3048780487804878,80.1,3.44,2004,0.0011100007447412054
116,116,2005ATL,0.001285487711739078,0.003134082940886437,0.15853658536585366,79.5,3.95,2005,0.0022097853263127578
117,117,2005BOS,0.0010830392063401577,-0.0006494017553356201,0.5487804878048781,79.7,3.12,2005,0.0002168187255022688
118,118,2005CHI,0.0016549375133607198,0.0005782774263697485,0.573170731707317,79.8,3.49,2005,0.001116607469865234
119,119,2005CLE,0.0034166648805233476,-0.0013865670888252581,0.5121951219512195,80.5,3.38,2005,0.0010150488958490449
120,120,2005DAL,0.002827406615906856,-0.0004421422570026689,0.7073170731707317,80.5,4.22,2005,0.0011926321794520937
121,121,2005DEN,0.002588321037033196,0.0035518012684469993,0.5975609756097561,79.1,5.33,2005,0.0030700611527400977
122,122,2005DET,-0.0010779015084361454,-0.0001666322941573174,0.6585365853658537,78.9,3.04,2005,-0.0006222669012967314
123,123,2005GSW,-0.0009952215480354997,0.0027523884791094124,0.4146341463414634,78.7,3.87,2005,0.0008785834655369564
124,124,2005HOU,0.0034481123573036855,0.0007798317516404533,0.6219512195121951,80.6,4.61,2005,0.002113972054472069
125,125,2005IND,-0.0007737744768312027,0.0013619038965490453,0.5365853658536586,78.9,3.53,2005,0.0002940647098589213
126,126,2005LAC,0.004826079800728121,-0.0022155485640849423,0.45121951219512196,80.9,2.65,2005,0.0013052656183215891
127,127,2005LAL,0.001475174339289651,0.001264859721131727,0.4146341463414634,79.5,3.66,2005,0.0013700170302106888
128,128,2005MEM,0.0012179923140357503,0.000864917231208007,0.5487804878048781,79.6,3.53,2005,0.0010414547726218786
129,129,2005MIA,0.0005317092034760411,-0.000730927834002045,0.7195121951219512,79.7,3.34,2005,-9.960931526300192e-05
130,130,2005MIL,0.0011012972533603475,0.0018707708032797766,0.36585365853658536,79.5,3.63,2005,0.001486034028320062
131,131,2005MIN,-0.0028112186274364803,0.0015811085884883656,0.5365853658536586,78.4,3.78,2005,-0.0006150550194740573
132,132,2005NJN,-0.0012799176513006855,0.0024697182563548892,0.5121951219512195,78.8,4.05,2005,0.0005949003025271019
133,133,2005NOH,0.00046194195236800553,0.0013424166828208688,0.21951219512195122,79.1,3.64,2005,0.0009021793175944372
134,134,2005NYK,0.002309742791566418,-0.002762871296428719,0.4024390243902439,80.0,2.33,2005,-0.00022656425243115048
135,135,2005ORL,0.001345280602761271,0.0016886354093639793,0.43902439024390244,79.6,3.65,2005,0.0015169580060626251
136,136,2005PHI,-0.0008699110643898988,-0.0018133668475639416,0.524390243902439,78.9,2.91,2005,-0.0013416389559769203
137,137,2005PHO,0.0004830839567584279,-0.0018665165297598835,0.7560975609756098,79.6,2.91,2005,-0.0006917162865007278
138,138,2005POR,-0.0015711798758889868,0.005407063109789982,0.32926829268292684,78.4,4.68,2005,0.0019179416169504975
139,139,2005SAC,0.0015280242312478145,-0.0005790503703154457,0.6097560975609756,79.7,3.03,2005,0.0004744869304661844
140,140,2005SAS,8.876304084987062e-05,-0.0011402133386881302,0.7195121951219512,79.4,3.11,2005,-0.0005257251489191298
141,141,2005SEA,0.0010405792558071374,-0.0004997638114455544,0.6341463414634146,79.7,3.16,2005,0.00027040772218079153
142,142,2005TOR,0.002028441585278189,-0.0007744974217782016,0.4024390243902439,79.9,2.94,2005,0.0006269720817499937
143,143,2005UTA,-0.00048183999286024494,-0.0010319118858630677,0.3170731707317073,79.1,2.87,2005,-0.0007568759393616563
144,144,2005WAS,0.0037040513353605903,-0.0012776637862039644,0.5487804878048781,80.5,2.97,2005,0.001213193774578313
145,145,2006ATL,0.00020598907809250144,0.0023119806017709845,0.3170731707317073,79.1,3.67,2006,0.001258984839931743
146,146,2006BOS,0.0018573203087970049,-0.002710950816290959,0.4024390243902439,80.0,2.33,2006,-0.0004268152537469771
147,147,2006CHI,0.0014529364603913693,0.00021871597549421798,0.5,79.7,3.28,2006,0.0008358262179427936
148,148,2006CLE,0.002318142115894928,0.00015146669839864442,0.6097560975609756,80.2,3.72,2006,0.001234804407146786
149,149,2006DAL,0.0014350346051765568,-0.0003041449368996405,0.7317073170731707,79.9,3.47,2006,0.0005654448341384582
150,150,2006DEN,-0.0007913224611265989,0.005862539499791379,0.5365853658536586,78.2,5.39,2006,0.00253560851933239
151,151,2006DET,-0.0019939450793527765,0.00045241210256690545,0.7804878048780488,78.6,3.21,2006,-0.0007707664883929356
152,152,2006GSW,0.00033075445799508413,0.0009294777501057685,0.4146341463414634,79.3,3.4,2006,0.0006301161040504263
153,153,2006HOU,0.0005896157256113313,0.0036800445946346093,0.4146341463414634,79.9,5.0,2006,0.0021348301601229703
154,154,2006IND,0.00396555370019177,-0.0007063858685523116,0.5,80.6,3.11,2006,0.0016295839158197293
155,155,2006LAC,-0.0004756271792108202,-0.0013773219401541066,0.573170731707317,79.3,2.86,2006,-0.0009264745596824634
156,156,2006LAL,0.006005170984540641,-0.002455346745781069,0.5487804878048781,81.2,2.49,2006,0.0017749121193797858
157,157,2006MEM,-0.001341404009503237,0.0048567097533585004,0.5975609756097561,78.3,4.64,2006,0.0017576528719276318
158,158,2006MIA,0.0007599067170425342,-0.0005133611523797955,0.6341463414634146,79.6,3.27,2006,0.00012327278233136935
159,159,2006MIL,0.00048112546302229997,0.003173940088984198,0.4878048780487805,79.3,4.09,2006,0.001827532776003249
160,160,2006MIN,0.0014020826556577712,-0.0010431066075525669,0.4024390243902439,79.8,3.03,2006,0.00017948802405260214
161,161,2006NJN,0.0021280426300492,-0.0006644580290774821,0.5975609756097561,80.0,3.26,2006,0.000731792300485859
162,162,2006NOK,-6.67584939683816e-05,0.0015972826120591835,0.4634146341463415,78.9,3.8,2006,0.0007652620590454009
163,163,2006NYK,0.0011061695800356794,0.002506116891488985,0.2804878048780488,79.2,4.34,2006,0.0018061432357623323
164,164,2006ORL,0.0013113352693409667,0.002384355352796366,0.43902439024390244,79.6,3.86,2006,0.0018478453110686664
165,165,2006PHI,0.0020936864083737315,-3.8492919437868075e-05,0.4634146341463415,79.9,3.41,2006,0.0010275967444679317
166,166,2006PHO,-0.000687035761460854,0.00029242932636175617,0.6585365853658537,79.0,3.17,2006,-0.00019730321754954892
167,167,2006POR,0.0003540414280223503,0.0022369574075199127,0.25609756097560976,79.3,3.97,2006,0.0012954994177711316
168,168,2006SAC,-0.00019513088758115252,-0.0013086674283801988,0.5365853658536586,79.2,2.9,2006,-0.0007518991579806757
169,169,2006SAS,0.0013787437536232955,0.0005956300822498422,0.7682926829268293,79.7,3.49,2006,0.000987186917936569
170,170,2006SEA,0.0037454146270720265,-0.0006475964147723948,0.4268292682926829,80.6,3.36,2006,0.001548909106149816
171,171,2006TOR,0.003931244884912596,-0.0006031917333247669,0.32926829268292684,80.5,3.13,2006,0.0016640265757939146
172,172,2006UTA,-0.0006783042164205547,-5.730753617677666e-05,0.5,79.1,3.17,2006,-0.00036780587629866565
173,173,2006WAS,0.0028946950901888803,-0.0021734887062240587,0.5121951219512195,80.3,2.56,2006,0.0003606031919824108
174,174,2007ATL,0.0003344561530718702,0.0042884104447806284,0.36585365853658536,78.8,4.31,2007,0.002311433298926249
175,175,2007BOS,-0.001501931393925761,0.0007925723231271041,0.2926829268292683,78.6,3.3,2007,-0.0003546795353993284
176,176,2007CHI,0.0006263246224172744,6.918477158307878e-05,0.5975609756097561,79.4,3.14,2007,0.00034775469700017663
177,177,2007CLE,0.0018590900808427714,0.0011409005380718107,0.6097560975609756,80.0,3.96,2007,0.001499995309457291
178,178,2007DAL,0.001703980287371729,0.00032224374182806187,0.8170731707317073,79.9,3.47,2007,0.0010131120145998953
179,179,2007DEN,0.0007658848389061073,-0.00038872513558334943,0.5487804878048781,79.4,3.18,2007,0.00018857985166137895
180,180,2007DET,0.0021706845323758,-0.001952601735496476,0.6463414634146342,80.0,2.58,2007,0.00010904139843966206
181,181,2007GSW,0.0015252432459066556,-0.0013702965054146106,0.5121951219512195,79.8,2.72,2007,7.747337024602253e-05
182,182,2007HOU,0.0013654934074590049,-0.0008590727702240127,0.6341463414634146,80.3,4.42,2007,0.00025321031861749607
183,183,2007IND,0.0033442236032015147,0.0009276005021237344,0.4268292682926829,80.2,3.49,2007,0.0021359120526626245
184,184,2007LAC,-0.0022220589738222,-0.0013958436706172366,0.4878048780487805,78.8,3.03,2007,-0.0018089513222197182
185,185,2007LAL,0.001507506900953166,-0.0010813941111899746,0.5121951219512195,79.8,2.93,2007,0.00021305639488159573
186,186,2007MEM,0.0007568369999525477,0.002602360887604826,0.2682926829268293,78.9,4.27,2007,0.001679598943778687
187,187,2007MIA,0.001736619198930038,-0.00036337513570571526,0.5365853658536586,79.9,3.29,2007,0.0006866220316121614
188,188,2007MIL,-0.0021099810901013065,0.005081252494716979,0.34146341463414637,78.0,5.3,2007,0.0014856357023078361
189,189,2007MIN,-0.0007830010077766685,-0.0014096987073973278,0.3902439024390244,79.2,3.03,2007,-0.001096349857586998
190,190,2007NJN,0.0011311263067638232,0.00072269234222535,0.5,79.7,3.63,2007,0.0009269093244945866
191,191,2007NOK,-0.0017133371662837614,0.0025240611342649205,0.47560975609756095,78.5,3.92,2007,0.0004053619839905796
192,192,2007NYK,3.756436066982289e-05,0.004484670796994651,0.4024390243902439,79.0,4.63,2007,0.002261117578832237
193,193,2007ORL,0.0007419383771748117,0.0029086106338774083,0.4878048780487805,79.4,3.94,2007,0.0018252745055261101
194,194,2007PHI,-0.0011815282295565617,0.0008014500092411806,0.4268292682926829,78.9,3.61,2007,-0.00019003911015769056
195,195,2007PHO,-0.0013240986442176479,-0.00120852178026886,0.7439024390243902,78.8,2.69,2007,-0.0012663102122432539
196,196,2007POR,-0.00017193549246756514,-0.000610044652532784,0.3902439024390244,79.3,2.99,2007,-0.00039099007250017456
197,197,2007SAC,-0.0009200059368606596,-0.002154603119610498,0.4024390243902439,79.0,2.8,2007,-0.0015373045282355787
198,198,2007SAS,0.0017068077398344522,-0.0006806334516732607,0.7073170731707317,79.9,3.17,2007,0.0005130871440805957
199,199,2007SEA,-0.0013092944569175501,0.0043245207215250004,0.3780487804878049,78.6,4.37,2007,0.0015076131323037251
200,200,2007TOR,0.0010250612350543031,0.00138367441174057,0.573170731707317,79.6,3.81,2007,0.0012043678233974366
201,201,2007UTA,0.001109725254217462,-0.0006506194318168432,0.6219512195121951,79.6,3.05,2007,0.00022955291120030938
202,202,2007WAS,0.0009493973366850078,-0.0018835036132521673,0.5,79.8,2.72,2007,-0.0004670531382835797
203,203,2008ATL,-0.0009415872015728572,3.542210979299655e-05,0.45121951219512196,78.9,3.07,2008,-0.0004530825458899303
204,204,2008BOS,-0.0007900109936497608,0.0008974563172839035,0.8048780487804879,78.9,3.35,2008,5.372266181707133e-05
205,205,2008CHI,0.0006263246224172826,6.918477158309594e-05,0.4024390243902439,79.4,3.14,2008,0.00034775469700018926
206,206,2008CLE,0.0006313327723675983,0.0003029475264834271,0.5487804878048781,79.7,3.89,2008,0.0004671401494255127
207,207,2008DAL,0.0003779468693048892,-0.00023653076456058708,0.6219512195121951,79.6,3.45,2008,7.070805237215105e-05
208,208,2008DEN,-0.00249755737558069,0.0025487864521798807,0.6097560975609756,78.1,3.9,2008,2.5614538299595412e-05
209,209,2008DET,0.0006401876824666824,-0.0029883139634783204,0.7195121951219512,79.6,2.3,2008,-0.001174063140505819
210,210,2008GSW,0.0009318164507369107,-0.0014173829977139206,0.5853658536585366,79.6,2.66,2008,-0.00024278327348850495
211,211,2008HOU,-0.001511676237725294,0.002136262985479306,0.6707317073170732,79.2,4.52,2008,0.000312293373877006
212,212,2008IND,0.0027616661746982262,0.00026731630463500296,0.43902439024390244,80.1,3.32,2008,0.0015144912396666147
213,213,2008LAC,-0.003125055760049119,0.0034372694518159056,0.2804878048780488,78.1,4.2,2008,0.00015610684588339332
214,214,2008LAL,0.0034473632823136344,0.0011570120475760774,0.6951219512195121,80.3,3.66,2008,0.002302187664944856
215,215,2008MEM,-0.0023263917562245753,0.006217561812773636,0.2682926829268293,78.1,4.82,2008,0.0019455850282745302
216,216,2008MIA,-0.0007530913741202133,0.0008723334391528059,0.18292682926829268,79.2,3.74,2008,5.9621032516296287e-05
217,217,2008MIL,0.0009049611476479211,0.001203986938790218,0.3170731707317073,79.6,3.73,2008,0.0010544740432190695
218,218,2008MIN,-0.0012019642505094606,-0.001247169972228478,0.2682926829268293,78.8,2.83,2008,-0.0012245671113689694
219,219,2008NJN,0.000715895159145603,-0.0008218530077863681,0.4146341463414634,79.6,2.98,2008,-5.297892432038257e-05
220,220,2008NOH,0.0007780178889185109,0.003545818481579679,0.6829268292682927,79.1,4.18,2008,0.002161918185249095
221,221,2008NYK,-0.0003900544107258818,0.002917007929779072,0.2804878048780488,78.8,4.29,2008,0.0012634767595265952
222,222,2008ORL,-0.0007846471184970642,0.0024404765691470667,0.6341463414634146,78.9,3.67,2008,0.0008279147253250012
223,223,2008PHI,-0.00010812526092875155,-0.00100084161130672,0.4878048780487805,79.3,3.06,2008,-0.0005544834361177358
224,224,2008PHO,0.0008727309396,-0.001508155200753856,0.6707317073170732,79.7,2.96,2008,-0.000317712130576928
225,225,2008POR,0.0019147636204590777,0.0004621502809461764,0.5,80.0,3.58,2008,0.001188456950702627
226,226,2008SAC,0.00047913599612183904,0.0005568047827987477,0.4634146341463415,79.5,3.69,2008,0.0005179703894602934
227,227,2008SAS,0.0008471737679800508,0.00012761269608966452,0.6829268292682927,79.5,3.26,2008,0.0004873932320348576
228,228,2008SEA,0.002950651398745653,0.0009389606982914816,0.24390243902439024,80.1,3.5,2008,0.0019448060485185673
229,229,2008TOR,0.002495222510601118,0.0011389393733945165,0.5,80.0,3.69,2008,0.0018170809419978172
230,230,2008UTA,0.0022352028928588397,-0.003275983361427899,0.6585365853658537,80.2,2.28,2008,-0.0005203902342845296
231,231,2008WAS,0.0027700943098631667,-0.0022644311172063916,0.524390243902439,80.3,2.52,2008,0.0002528315963283875
232,232,2009ATL,-2.8414733183061605e-05,0.00011987695595756063,0.573170731707317,79.2,3.13,2009,4.5731111387249515e-05
233,233,2009BOS,-0.000353956437130142,0.0011644647614941523,0.7560975609756098,79.0,3.41,2009,0.00040525416218200515
234,234,2009CHI,-0.00020488635462664184,-0.0011349865323301966,0.5,79.3,2.79,2009,-0.0006699364434784192
235,235,2009CLE,0.002159022437938513,0.0014818713802916322,0.8048780487804879,80.0,4.01,2009,0.0018204469091150726
236,236,2009DAL,8.263099905901056e-05,0.0019458618430191106,0.6097560975609756,79.0,3.96,2009,0.0010142464210390605
237,237,2009DEN,-0.0016838517618093375,0.001600271400049626,0.6585365853658537,78.6,3.53,2009,-4.179018087985579e-05
238,238,2009DET,0.001577378039548678,-0.0002019517721722448,0.47560975609756095,79.7,3.19,2009,0.0006877131336882166
239,239,2009GSW,-0.0011938521548744698,-0.0015723705024500534,0.35365853658536583,79.0,2.94,2009,-0.0013831113286622617
240,240,2009HOU,0.00032449880975409374,0.0007810132633267783,0.6463414634146342,79.6,4.35,2009,0.000552756036540436
241,241,2009IND,0.0014841005320071264,0.004582564335339734,0.43902439024390244,79.8,4.61,2009,0.00303333243367343
242,242,2009LAC,0.0036518785697750534,-1.914441290375998e-05,0.23170731707317074,80.5,3.26,2009,0.0018163670784356468
243,243,2009LAL,0.0024917470378265773,0.0008618486826738914,0.7926829268292683,80.0,3.53,2009,0.0016767978602502344
244,244,2009MEM,-0.0004779820408921137,0.0025605737374856646,0.2926829268292683,78.9,3.98,2009,0.0010412958482967755
245,245,2009MIA,-0.0012015661131959026,-0.0007009453466889125,0.524390243902439,78.9,2.91,2009,-0.0009512557299424075
246,246,2009MIL,0.001900149463273352,0.0009632155551446386,0.4146341463414634,80.0,3.72,2009,0.0014316825092089954
247,247,2009MIN,-0.0010753160088142512,-0.0017059947816313358,0.2926829268292683,78.8,2.72,2009,-0.0013906553952227935
248,248,2009NJN,0.0017659945928220984,-0.0008326199343182368,0.4146341463414634,80.0,3.29,2009,0.0004666873292519308
249,249,2009NOH,0.0029835450703972655,0.0005955385728947832,0.5975609756097561,80.1,3.5,2009,0.0017895418216460244
250,250,2009NYK,-0.0010869993809096542,0.0023716081294084465,0.3902439024390244,78.5,4.05,2009,0.0006423043742493961
251,251,2009OKC,0.0022369254010117306,-0.0003158516972614031,0.2804878048780488,80.0,3.23,2009,0.0009605368518751637
252,252,2009ORL,0.0003754350862552517,0.0022047271673318503,0.7195121951219512,79.4,3.81,2009,0.001290081126793551
253,253,2009PHI,-0.0012795632551431287,-0.0002907534140442582,0.5,78.9,3.07,2009,-0.0007851583345936935
254,254,2009PHO,-0.0007547604675001076,-0.0012374990021793149,0.5609756097560976,79.3,3.09,2009,-0.0009961297348397113
255,255,2009POR,0.004451950402982056,-0.0005154030702506843,0.6585365853658537,80.8,3.52,2009,0.001968273666365686
256,256,2009SAC,0.00281658968724135,-1.241777572583665e-05,0.2073170731707317,80.3,3.6,2009,0.0014020859557577568
257,257,2009SAS,-0.0005906248925264055,-0.002433517102321475,0.6585365853658537,79.2,2.61,2009,-0.0015120709974239402
258,258,2009TOR,0.0027484226409173074,-0.0022645224176322497,0.4024390243902439,80.3,2.71,2009,0.00024195011164252888
259,259,2009UTA,-0.00045852395031353605,-0.0005686380022648656,0.5853658536585366,78.9,3.44,2009,-0.0005135809762892008
260,260,2009WAS,0.0023739214521919824,-0.0014869747077807121,0.23170731707317074,80.1,2.87,2009,0.00044347337220563513
261,261,2010ATL,0.00028280905209096915,-0.00026110317577429355,0.6463414634146342,79.3,3.06,2010,1.0852938158337796e-05
262,262,2010BOS,-0.0005733025917520076,0.0014749732352012002,0.6097560975609756,79.0,3.58,2010,0.0004508353217245963
263,263,2010CHI,0.0012552415625977523,0.000268678187521876,0.5,79.6,3.24,2010,0.0007619598750598141
264,264,2010CLE,0.0028629226812662205,0.002409340333969875,0.7439024390243902,80.3,4.35,2010,0.0026361315076180477
265,265,2010DAL,-0.001989560722691254,0.004671994338754825,0.6707317073170732,78.3,4.47,2010,0.0013412168080317855
266,266,2010DEN,-0.002608893470721581,0.0020211679701767804,0.6463414634146342,78.3,3.68,2010,-0.0002938627502724002
267,267,2010DET,0.001509277925767351,0.0008387236946732738,0.32926829268292684,79.6,3.45,2010,0.0011740008102203124
268,268,2010GSW,-0.001369759225929959,0.00037908435544499203,0.3170731707317073,78.9,3.32,2010,-0.0004953374352424834
269,269,2010HOU,2.7889675065539825e-05,0.000722252678859999,0.5121951219512195,79.0,3.5,2010,0.0003750711769627694
270,270,2010IND,-0.0020379501369327986,0.0037600037589260154,0.3902439024390244,78.6,4.39,2010,0.0008610268109966084
271,271,2010LAC,0.00212866953372019,0.0002551266801157975,0.35365853658536583,80.0,3.35,2010,0.0011918981069179938
272,272,2010LAL,0.0007233532026463145,0.0011852484421534918,0.6951219512195121,79.5,3.66,2010,0.0009543008223999031
273,273,2010MEM,-0.0014106833712900228,0.001288716629350181,0.4878048780487805,79.1,4.13,2010,-6.098337096992093e-05
274,274,2010MIA,-0.0014984341643990067,0.0005820056826401075,0.573170731707317,78.7,3.28,2010,-0.00045821424087944955
275,275,2010MIL,-0.00010677919058074686,0.0009546267969099542,0.5609756097560976,79.1,3.38,2010,0.0004239238031646037
276,276,2010MIN,2.7888317495206925e-06,0.0004967487433964726,0.18292682926829268,79.2,3.38,2010,0.00024976878757299666
277,277,2010NJN,0.00012455969177923467,-0.0013794412105829616,0.14634146341463414,79.6,3.33,2010,-0.0006274407594018635
278,278,2010NOH,-0.000459099279594441,0.0022241069733981494,0.45121951219512196,78.8,3.66,2010,0.0008825038469018542
279,279,2010NYK,-0.0016570519404831535,0.004121997753569748,0.35365853658536583,78.3,4.31,2010,0.0012324729065432971
280,280,2010OKC,0.003351357955249419,-0.0010236898170555527,0.6097560975609756,80.4,3.05,2010,0.0011638340690969333
281,281,2010ORL,-0.00091262778944213,0.002208563727713823,0.7195121951219512,78.8,3.69,2010,0.0006479679691358465
282,282,2010PHI,0.0002469792918468199,-0.0013760070004268934,0.32926829268292684,79.4,2.74,2010,-0.0005645138542900367
283,283,2010PHO,0.0014091439501195374,-0.00017141831316748506,0.6585365853658537,79.9,3.41,2010,0.0006188628184760262
284,284,2010POR,-0.0015602402465105054,-0.0019254397603174873,0.6097560975609756,78.9,2.62,2010,-0.0017428400034139964
285,285,2010SAC,0.004188498527051851,-0.002061925736274401,0.3048780487804878,80.7,2.82,2010,0.0010632863953887249
286,286,2010SAS,-0.0010014849975156755,-0.002312155490853327,0.6097560975609756,79.1,2.65,2010,-0.0016568202441845012
287,287,2010TOR,0.0009315377157277615,-0.0009857678829286677,0.4878048780487805,79.7,3.03,2010,-2.7115083600453085e-05
288,288,2010UTA,-0.0005860128496411484,-0.002167879493355202,0.6463414634146342,79.1,2.62,2010,-0.001376946171498175
289,289,2010WAS,0.002704344179770413,0.002928963947193332,0.3170731707317073,79.2,5.33,2010,0.0028166540634818726
290,290,2011ATL,-0.0018666109742078608,-0.0008161020261520427,0.5365853658536586,78.7,2.96,2011,-0.0013413565001799519
291,291,2011BOS,-0.0010717593201745464,0.002700098538905194,0.6829268292682927,78.7,4.42,2011,0.0008141696093653238
292,292,2011CHI,0.0019183930726113852,-0.0006148828098648697,0.7560975609756098,79.9,3.1,2011,0.0006517551313732577
293,293,2011CLE,-0.0011493623096696796,0.0011972504739733432,0.23170731707317074,78.9,3.58,2011,2.3944082151831805e-05
294,294,2011DAL,-0.00014642771045526878,0.003125377048884309,0.6951219512195121,79.2,4.41,2011,0.0014894746692145201
295,295,2011DEN,-0.0029545068333926,0.0017740304733085924,0.6097560975609756,78.2,3.58,2011,-0.0005902381800420039
296,296,2011DET,0.002117760439859017,0.0010958072008317335,0.36585365853658536,79.8,3.55,2011,0.0016067838203453753
297,297,2011GSW,0.0013707575592642463,0.00023875701142229733,0.43902439024390244,79.7,3.22,2011,0.0008047572853432718
298,298,2011HOU,0.001039056863555354,-0.0012056025699137029,0.524390243902439,79.6,2.91,2011,-8.327285317917446e-05
299,299,2011IND,0.00518463793622347,-0.00011316095748203622,0.45121951219512196,80.9,3.44,2011,0.0025357384893707167
300,300,2011LAC,-0.0024387571942960954,0.001957424039148662,0.3902439024390244,78.4,3.83,2011,-0.00024066657757371678
301,301,2011LAL,0.00048319976035268876,0.00032728204681759144,0.6951219512195121,79.5,3.49,2011,0.0004052409035851401
302,302,2011MEM,-0.00035092740964440706,-0.0009111683056009761,0.5609756097560976,79.1,2.97,2011,-0.0006310478576226916
303,303,2011MIA,0.0014629578486396626,0.003524351854614259,0.7073170731707317,79.7,4.47,2011,0.002493654851626961
304,304,2011MIL,-0.0016891280550359843,0.004550635488067674,0.4268292682926829,78.1,5.26,2011,0.0014307537165158448
305,305,2011MIN,0.0026907624838620756,-0.0016004793940011684,0.2073170731707317,80.2,2.83,2011,0.0005451415449304536
306,306,2011NJN,0.0020084479277377807,-0.00035987664461293375,0.2926829268292683,80.0,3.41,2011,0.0008242856415624235
307,307,2011NOH,-0.0018187579821342453,0.0003831561251730476,0.5609756097560976,78.7,3.46,2011,-0.0007178009284805988
308,308,2011NYK,0.0013333820782101121,3.554060561465912e-05,0.5121951219512195,79.5,3.07,2011,0.0006844613419123856
309,309,2011OKC,0.0017038218701287613,-0.0010387844234837251,0.6707317073170732,80.0,3.14,2011,0.00033251872332251806
310,310,2011ORL,2.217377437715637e-05,0.0007194078523243332,0.6341463414634146,79.1,3.26,2011,0.0003707908133507448
311,311,2011PHI,-0.00027444447597274054,-0.0014858763852192113,0.5,79.4,3.08,2011,-0.0008801604305959759
312,312,2011PHO,0.004004330603603038,-0.0018309319285480063,0.4878048780487805,80.7,2.96,2011,0.0010866993375275157
313,313,2011POR,-0.00042511737967210623,-0.0016330671090220334,0.5853658536585366,79.2,2.83,2011,-0.0010290922443470698
314,314,2011SAC,0.004263705422996974,-0.0017056094862595243,0.2926829268292683,80.6,2.81,2011,0.0012790479683687248
315,315,2011SAS,0.0008992034583823734,-0.0008196500139290016,0.7439024390243902,79.6,2.98,2011,3.977672222668589e-05
316,316,2011TOR,-0.0005493990079045633,-0.0010595625326743825,0.2682926829268293,79.2,2.9,2011,-0.0008044807702894728
317,317,2011UTA,-0.0018864973898024735,0.0005249500712548689,0.47560975609756095,78.7,3.37,2011,-0.0006807736592738023
318,318,2011WAS,0.003251664507158244,-0.0006381048850111393,0.2804878048780488,80.4,3.21,2011,0.0013067798110735522
319,319,2012ATL,0.0010044516167310653,-0.0020218526113655534,0.6060606060606061,79.7,2.56,2012,-0.0005087004973172441
320,320,2012BOS,-0.001534874136915506,-1.0954397443262702e-05,0.5909090909090909,78.8,3.2,2012,-0.0007729142671793843
321,321,2012CHI,0.0009048783894007468,0.0027682094210644283,0.7575757575757576,79.3,3.97,2012,0.0018365439052325876
322,322,2012CLE,-0.00036323933297280163,0.00018353042053157102,0.3181818181818182,79.1,3.14,2012,-8.98544562206153e-05
323,323,2012DAL,-0.00012530320554032486,0.0026408898707468253,0.5454545454545454,79.3,4.09,2012,0.0012577933326032502
324,324,2012DEN,0.004193830816009421,0.00236846142825972,0.5757575757575758,80.4,4.13,2012,0.0032811461221345702
325,325,2012DET,0.0017358234520957628,-0.0003984503797367174,0.3787878787878788,79.8,3.07,2012,0.0006686865361795227
326,326,2012GSW,-0.0007601630198682091,0.0024686576370313218,0.3484848484848485,78.7,4.09,2012,0.0008542473085815564
327,327,2012HOU,0.0013995942581552108,-0.00012513192928500792,0.5151515151515151,79.6,3.21,2012,0.0006372311644351014
328,328,2012IND,0.0009397098217614625,0.0016651377892339548,0.6363636363636364,79.5,3.87,2012,0.0013024238054977087
329,329,2012LAC,-0.00228246746008355,0.0017564924697728499,0.6060606060606061,78.4,3.51,2012,-0.0002629874951553501
330,330,2012LAL,0.0011449612796827875,0.0013599198164037983,0.6212121212121212,79.7,3.79,2012,0.0012524405480432929
331,331,2012MEM,-0.0007722256973788906,0.001052522190402159,0.6212121212121212,78.9,3.38,2012,0.00014014824651163423
332,332,2012MIA,0.0002802946737740657,-0.0006850949161180049,0.696969696969697,79.4,2.95,2012,-0.0002024001211719696
333,333,2012MIL,0.00011657813571476968,0.00041021448057616415,0.4696969696969697,79.2,3.2,2012,0.00026339630814546693
334,334,2012MIN,-0.0029475243913800477,0.0021532856149993314,0.3939393939393939,78.1,3.77,2012,-0.00039711938819035814
335,335,2012NJN,-0.003272415434905173,-0.0002270185276334024,0.3333333333333333,78.3,3.28,2012,-0.0017497169812692877
336,336,2012NOH,0.004705494481215179,-0.0018878295394155274,0.3181818181818182,80.8,2.79,2012,0.0014088324708998257
337,337,2012NYK,0.0014158373914306558,-0.00046990463387967357,0.5454545454545454,79.8,3.23,2012,0.0004729663787754911
338,338,2012OKC,0.0015607435576262556,-0.0008369377371240294,0.7121212121212122,79.9,3.17,2012,0.0003619029102511131
339,339,2012ORL,-0.00033727174364500104,0.002654632336142454,0.5606060606060606,78.9,3.67,2012,0.0011586802962487263
340,340,2012PHI,0.0006013377929968457,-0.0009757435245909553,0.5303030303030303,79.6,3.14,2012,-0.0001872028657970548
341,341,2012PHO,0.0012108799161435744,0.0017470880726203296,0.5,79.7,3.97,2012,0.001478983994381952
342,342,2012POR,0.00040477536720655966,0.0005869991210516958,0.42424242424242425,79.3,3.31,2012,0.0004958872441291277
343,343,2012SAC,-0.0011503483580309714,0.002105223365038802,0.3333333333333333,78.6,4.11,2012,0.00047743750350391525
344,344,2012SAS,0.0008110118413327574,-0.002109724132503222,0.7575757575757576,79.6,2.77,2012,-0.0006493561455852323
345,345,2012TOR,0.002301729769348773,-0.0012654383332143203,0.3484848484848485,80.1,2.97,2012,0.0005181457180672263
346,346,2012UTA,-0.00039055302999279517,-0.0016312048504819913,0.5454545454545454,79.1,2.73,2012,-0.0010108789402373931
347,347,2012WAS,0.0003071509663758642,-0.0006903604859121776,0.30303030303030304,79.5,3.03,2012,-0.00019160475976815668
348,348,2013ATL,-0.0008191432123958697,-0.0006199676569873864,0.5365853658536586,79.0,2.91,2013,-0.000719555434691628
349,349,2013BOS,-0.0008949095212667983,0.0008876581598006886,0.5061728395061729,78.9,3.29,2013,-3.6256807330548794e-06
350,350,2013BRK,0.00022579888183931347,-0.000892458844700531,0.5975609756097561,79.5,3.26,2013,-0.0003333299814306088
351,351,2013CHI,0.0011697105469852058,0.0006075227914060375,0.5487804878048781,79.2,3.87,2013,0.0008886166691956217
352,352,2013CLE,-0.002180666336609449,7.332742794270648e-05,0.2926829268292683,78.7,3.4,2013,-0.0010536694543333712
353,353,2013DAL,0.0005089817226274318,0.0014177668277374324,0.5,79.4,3.78,2013,0.0009633742751824321
354,354,2013DEN,0.002263641855029926,0.0014291680158521093,0.6951219512195121,79.8,3.82,2013,0.0018464049354410177
355,355,2013DET,0.00023075305992827742,0.002613003388103388,0.35365853658536583,79.2,3.82,2013,0.0014218782240158327
356,356,2013GSW,0.0012510341549849886,-0.0005442552681922574,0.573170731707317,79.7,3.09,2013,0.00035338944339636564
357,357,2013HOU,-0.001007110274514891,0.00040673160252555974,0.5487804878048781,79.0,3.29,2013,-0.0003001893359946656
358,358,2013IND,0.0014882263899355889,0.0004768497933837797,0.6049382716049383,79.7,3.87,2013,0.0009825380916596842
359,359,2013LAC,-0.0005920552109209685,0.0018753698160718165,0.6829268292682927,78.9,3.64,2013,0.000641657302575424
360,360,2013LAL,-0.0008561524784323272,0.0008564581443940111,0.5487804878048781,79.0,3.5,2013,1.5283298084197133e-07
361,361,2013MEM,-0.0006372004681126109,0.0006027407112380363,0.6829268292682927,78.9,3.29,2013,-1.7229878437287328e-05
362,362,2013MIA,-0.0002797116971447711,-0.00012275727271461768,0.8048780487804879,79.2,3.07,2013,-0.0002012344849296944
363,363,2013MIL,0.0006958805500403144,0.0005930662292953377,0.4634146341463415,79.4,3.27,2013,0.000644473389667826
364,364,2013MIN,-0.0002841398943587484,0.003130773582490012,0.3780487804878049,78.8,4.08,2013,0.0014233168440656316
365,365,2013NOH,0.0006905352982610725,0.001047777127802261,0.32926829268292684,79.6,3.75,2013,0.0008691562130316667
366,366,2013NYK,9.928873818492118e-05,0.0006989499120166887,0.6585365853658537,79.4,3.59,2013,0.0003991193251008049
367,367,2013OKC,0.0029492820024893994,0.0006863822786288121,0.7317073170731707,80.4,3.96,2013,0.0018178321405591057
368,368,2013ORL,-0.0012710778224815737,0.0005565213524367768,0.24390243902439024,78.7,3.12,2013,-0.00035727823502239845
369,369,2013PHI,0.0002075498383240931,-0.00311836134170509,0.4146341463414634,79.6,2.7,2013,-0.0014554057516904984
370,370,2013PHO,0.001965804501586995,-0.0019278494463963224,0.3048780487804878,80.0,2.54,2013,1.8977527595336226e-05
371,371,2013POR,0.0015354425407418505,-0.00032445648344694435,0.4024390243902439,79.8,3.2,2013,0.000605493028647453
372,372,2013SAC,-0.005144276061235066,0.0032143787371079918,0.34146341463414637,77.5,4.12,2013,-0.0009649486620635372
373,373,2013SAS,0.0003709318766015513,-0.001533242073232386,0.7073170731707317,79.5,2.86,2013,-0.0005811550983154174
374,374,2013TOR,0.0008788780970235467,0.0004456557730186987,0.4146341463414634,79.5,3.44,2013,0.0006622669350211227
375,375,2013UTA,-0.0006169329010848194,-0.0006508854007299153,0.524390243902439,79.0,2.87,2013,-0.0006339091509073673
376,376,2013WAS,-0.001759078334974381,-0.001108778205006303,0.35365853658536583,78.8,2.97,2013,-0.001433928269990342
377,377,2014ATL,-0.001198758049191706,-0.0013451036628516978,0.4634146341463415,78.9,2.8,2014,-0.001271930856021702
378,378,2014BOS,-0.0019377124542346161,0.0026203666937427072,0.3048780487804878,78.4,3.73,2014,0.00034132711975404554
379,379,2014BRK,0.0036070365010042525,-0.0025642334221283427,0.5365853658536586,80.5,2.37,2014,0.0005214015394379549
380,380,2014CHI,0.002356849505423989,-0.00012621146179997965,0.5853658536585366,79.8,3.38,2014,0.0011153190218120047
381,381,2014CLE,-0.001206602599975073,7.038762373295675e-05,0.4024390243902439,78.9,3.47,2014,-0.0005681074881210582
382,382,2014DAL,-0.00037959121588748625,-0.0007388170451750774,0.5975609756097561,79.3,3.16,2014,-0.0005592041305312818
383,383,2014DEN,-0.0032087947999335526,0.005872993130837646,0.43902439024390244,77.8,4.9,2014,0.0013320991654520468
384,384,2014DET,-0.0008622224483701009,0.0029663746249963415,0.35365853658536583,78.8,3.87,2014,0.0010520760883131204
385,385,2014GSW,0.0014014743195238158,-0.0008492738613284754,0.6219512195121951,79.8,3.07,2014,0.0002761002290976702
386,386,2014HOU,0.0031232275948957274,-0.00016828742991071137,0.6585365853658537,80.3,3.31,2014,0.001477470082492508
387,387,2014IND,0.002951771742833117,-0.0012241091149653095,0.6829268292682927,80.3,3.28,2014,0.0008638313139339036
388,388,2014LAC,-0.003335027903866584,0.0023522992990913415,0.6951219512195121,78.2,3.95,2014,-0.0004913643023876212
389,389,2014LAL,0.0009158575709252045,0.00046096252284397545,0.32926829268292684,79.7,3.66,2014,0.0006884100468845899
390,390,2014MEM,0.0019364290899690718,0.00027916122419049797,0.6097560975609756,79.8,3.41,2014,0.001107795157079785
391,391,2014MIA,0.0008337353851137449,0.0005382924538701869,0.6585365853658537,79.5,3.26,2014,0.0006860139194919659
392,392,2014MIL,-1.0177307570622086e-05,-0.000437181587940626,0.18292682926829268,79.3,3.06,2014,-0.00022367944775562404
393,393,2014MIN,0.0007480221623361687,0.0011749861457364368,0.4878048780487805,79.2,3.72,2014,0.0009615041540363028
394,394,2014NOP,-0.002274826982243929,-0.000668575565078057,0.4146341463414634,78.6,3.11,2014,-0.0014717012736609931
395,395,2014NYK,0.00042962772406409175,0.0002997889504672869,0.45121951219512196,79.5,3.52,2014,0.0003647083372656893
396,396,2014OKC,0.0007955611051305463,0.001837189784041477,0.7195121951219512,79.6,3.75,2014,0.0013163754445860117
397,397,2014ORL,-0.0008012157776545116,0.0008506299171085072,0.2804878048780488,78.8,3.2,2014,2.4707069726997782e-05
398,398,2014PHI,0.001257512149989761,-0.0034010825151317824,0.23170731707317074,80.1,2.42,2014,-0.0010717851825710108
399,399,2014PHO,-0.0020098840318675875,0.0015599316735504902,0.5853658536585366,78.6,3.75,2014,-0.00022497617915854867
400,400,2014POR,0.001419260421362943,0.002507366325281892,0.6585365853658537,79.7,3.94,2014,0.0019633133733224176
401,401,2014SAC,-0.0013510903499825994,0.002199394798878285,0.34146341463414637,78.5,4.02,2014,0.0004241522244478428
402,402,2014SAS,-0.0003558407612328452,-0.0006982858173468359,0.7560975609756098,79.2,3.03,2014,-0.0005270632892898406
403,403,2014TOR,0.0005646781206195052,-0.0015542637599897612,0.5853658536585366,79.5,2.79,2014,-0.000494792819685128
404,404,2014UTA,-0.001658146959914314,0.0015606870151522094,0.3048780487804878,78.4,3.59,2014,-4.8729972381052265e-05
405,405,2014WAS,0.0021635879050573097,-0.0018469531702328013,0.5365853658536586,80.0,2.62,2014,0.0001583173674122542
406,406,2015ATL,-0.002045911954853639,-0.0018082909958012962,0.7317073170731707,78.6,2.74,2015,-0.0019271014753274676
407,407,2015BOS,-0.00022505129409982014,0.000571858642624096,0.4878048780487805,79.2,3.41,2015,0.00017340367426213796
408,408,2015BRK,0.0026549132965224677,-0.001014909413338934,0.4634146341463415,80.2,3.07,2015,0.0008200019415917668
409,409,2015CHI,0.001360144549476131,0.001394718484587545,0.6097560975609756,79.6,3.65,2015,0.001377431517031838
410,410,2015CLE,-0.0013989279561317555,-0.0006808864698444074,0.6463414634146342,79.0,3.23,2015,-0.0010399072129880815
411,411,2015DAL,4.438545450892708e-05,0.005490417337689042,0.6097560975609756,78.9,4.65,2015,0.0027674013960989844
412,412,2015DEN,0.0035325240640375123,0.0012246142176643854,0.36585365853658536,80.2,3.9,2015,0.0023785691408509486
413,413,2015DET,-0.000676721827214554,0.0023506984325371806,0.3902439024390244,78.8,3.82,2015,0.0008369883026613132
414,414,2015GSW,-0.0002705272807367958,-0.001340501737950283,0.8170731707317073,79.3,2.93,2015,-0.0008055145093435394
415,415,2015HOU,0.001983050492837342,-0.00028900464208292235,0.6829268292682927,79.9,3.17,2015,0.00084702292537721
416,416,2015IND,0.0021508146517372822,-0.0007414567101760072,0.4634146341463415,80.1,3.44,2015,0.0007046789707806375
417,417,2015LAC,0.001164544646017168,0.0016850048884246148,0.6829268292682927,79.6,3.83,2015,0.0014247747672208914
418,418,2015LAL,0.0017766369360948525,-0.0002263593187956199,0.25609756097560976,79.9,3.14,2015,0.0007751388086496163
419,419,2015MEM,0.0002556144134893337,0.0013922526618921768,0.6707317073170732,79.3,3.66,2015,0.0008239335376907552
420,420,2015MIA,9.467122276663903e-05,0.0008996358575870057,0.45121951219512196,79.3,3.52,2015,0.0004971535401768224
421,421,2015MIL,-0.00011714658839820826,-0.0008756108008670142,0.5,79.3,2.99,2015,-0.0004963786946326112
422,422,2015MIN,-0.0003813781090727689,-0.000764764506813652,0.1951219512195122,79.1,3.01,2015,-0.0005730713079432105
423,423,2015NOP,0.004303935701923919,-0.0014510893087803967,0.5487804878048781,80.7,3.22,2015,0.0014264231965717613
424,424,2015NYK,-0.0008575983654530159,0.0031317607318547755,0.2073170731707317,78.8,4.08,2015,0.0011370811832008797
425,425,2015OKC,0.0016717809943869312,0.0004189380889467205,0.5487804878048781,79.9,3.44,2015,0.0010453595416668258
426,426,2015ORL,0.0003557481537481159,0.0005038140743377001,0.3048780487804878,79.5,3.49,2015,0.000429781114042908
427,427,2015PHI,0.0008972678762270119,-0.005247942345005813,0.21951219512195122,79.9,1.56,2015,-0.0021753372343894005
428,428,2015PHO,-0.00017372429613044538,0.003907304879247379,0.47560975609756095,78.8,4.47,2015,0.001866790291558467
429,429,2015POR,0.0009411179015360122,0.0012974276492545114,0.6219512195121951,79.9,4.08,2015,0.0011192727753952618
430,430,2015SAC,0.00026413003045606617,0.0011323454701461367,0.35365853658536583,79.2,3.41,2015,0.0006982377503011014
431,431,2015SAS,-0.00034596973864215027,-0.0007176390428982041,0.6707317073170732,79.2,3.0,2015,-0.0005318043907701772
432,432,2015TOR,-0.0010107591753892751,-0.00019554521068683786,0.5975609756097561,78.9,3.14,2015,-0.0006031521930380565
433,433,2015UTA,0.0018415930202144515,-0.0009768602340087939,0.4634146341463415,79.9,3.23,2015,0.0004323663931028288
434,434,2015WAS,0.0035388285311452683,-0.0019441917965539546,0.5609756097560976,80.4,2.59,2015,0.0007973183672956569
435,435,2016ATL,-0.0027274738084954076,-0.0019289746285724222,0.5853658536585366,78.4,2.59,2016,-0.0023282242185339148
436,436,2016BOS,0.0007255345563621103,0.0031159472992180652,0.5853658536585366,79.1,4.36,2016,0.0019207409277900878
437,437,2016BRK,-0.003478214666603934,0.0008880073987827089,0.25609756097560976,78.2,3.87,2016,-0.0012951036339106125
438,438,2016CHI,-0.000338176170191581,0.0012122644588180944,0.5121951219512195,79.1,3.58,2016,0.0004370441443132567
439,439,2016CLE,-0.0003792178353892296,-0.0016814151826026328,0.6951219512195121,79.3,3.03,2016,-0.0010303165089959312
440,440,2016DAL,-0.0004944334113150755,0.005888873441114179,0.5121951219512195,78.8,4.67,2016,0.002697220014899552
441,441,2016DEN,-0.00045729555411823424,0.0013671139078432026,0.4024390243902439,79.0,3.61,2016,0.00045490917686248416
442,442,2016DET,0.0006459648905316064,-0.00124078514386887,0.5365853658536586,79.5,2.79,2016,-0.0002974101266686318
443,443,2016GSW,-0.001234408019902634,-0.0023913397642520845,0.8902439024390244,79.0,2.84,2016,-0.0018128738920773592
444,444,2016HOU,-0.002216085990682904,0.002811786781589113,0.5,78.3,3.74,2016,0.0002978503954531046
445,445,2016IND,0.0013924870822127065,-0.0014749473499555943,0.5487804878048781,79.8,2.76,2016,-4.123013387144394e-05
446,446,2016LAC,-0.003512552564705465,-0.0003570548913645329,0.6463414634146342,78.2,3.13,2016,-0.001934803728034999
447,447,2016LAL,-0.0022332882811877566,-0.0009978264412545239,0.2073170731707317,78.8,3.52,2016,-0.0016155573612211403
448,448,2016MEM,-0.0022440871921591394,0.00019905601102924764,0.5121951219512195,78.5,3.16,2016,-0.0010225155905649458
449,449,2016MIA,-0.0010481533896074013,-0.0021792241793395788,0.5853658536585366,79.2,2.9,2016,-0.00161368878447349
450,450,2016MIL,0.0016400465185224923,-0.0020222622881259306,0.4024390243902439,79.9,2.54,2016,-0.00019110788480171913
451,451,2016MIN,0.003079715858975402,-0.001735267047310081,0.35365853658536583,80.3,2.82,2016,0.0006722244058326605
452,452,2016NOP,0.0002599728930290093,0.0018831075872269263,0.36585365853658536,79.5,4.05,2016,0.0010715402401279678
453,453,2016NYK,-0.000264296895291082,3.1486028151207585e-05,0.3902439024390244,79.5,3.9,2016,-0.00011640543356993722
454,454,2016OKC,0.003831069343970102,-0.0014243131947543643,0.6707317073170732,80.5,2.93,2016,0.0012033780746078687
455,455,2016ORL,0.0033098379251835486,-0.0009670728433295987,0.4268292682926829,80.4,3.01,2016,0.001171382540926975
456,456,2016PHI,-0.0014681378449807065,0.0028191804490851225,0.12195121951219512,78.4,3.88,2016,0.000675521302052208
457,457,2016PHO,-0.001170855352930856,0.0019767238589372075,0.2804878048780488,78.9,3.93,2016,0.0004029342530031758
458,458,2016POR,0.0009216964476430088,-0.00044243955643392794,0.5365853658536586,79.6,3.11,2016,0.0002396284456045404
459,459,2016SAC,0.00027115368113432656,0.0033471289099614556,0.4024390243902439,79.2,4.1,2016,0.001809141295547891
460,460,2016SAS,0.0011779933049972254,-0.00036327075784859617,0.8170731707317073,79.6,3.05,2016,0.00040736127357431464
461,461,2016TOR,-0.0013412722415265834,-0.0005657328302369947,0.6829268292682927,78.8,3.07,2016,-0.000953502535881789
462,462,2016UTA,0.0008378810807186196,0.0008883055666692596,0.4878048780487805,79.4,3.65,2016,0.0008630933236939396
463,463,2016WAS,-0.0021437680290393507,-0.001984283985813711,0.5,78.8,2.9,2016,-0.002064026007426531
464,464,2017ATL,-0.0028362394488404205,-0.001835683725713998,0.524390243902439,78.4,2.7,2017,-0.002335961587277209
465,465,2017BOS,-0.003016820733580558,0.003838365344131884,0.6463414634146342,78.0,4.25,2017,0.0004107723052756628
466,466,2017BRK,-0.0011706736971637988,-0.002957589263254568,0.24390243902439024,79.4,3.08,2017,-0.0020641314802091835
467,467,2017CHI,0.00217262942569192,0.0004667483175436067,0.5,80.0,3.56,2017,0.0013196888716177633
468,468,2017CLE,0.0004907727069215743,-0.002844610620377833,0.6219512195121951,79.6,2.55,2017,-0.0011769189567281293
469,469,2017DAL,-0.001821480172622681,0.0037793900301092724,0.4024390243902439,78.8,4.47,2017,0.0009789549287432956
470,470,2017DEN,-0.0016019511296790083,0.0004578614775082394,0.4878048780487805,78.7,3.34,2017,-0.0005720448260853844
471,471,2017DET,-0.0011558829511831607,0.0017980051924526882,0.45121951219512196,78.8,3.55,2017,0.00032106112063476377
472,472,2017GSW,0.000280110395761902,-0.0010821341118150162,0.8170731707317073,79.5,3.22,2017,-0.0004010118580265571
473,473,2017HOU,0.001754361043680084,-0.0010599682058650853,0.6707317073170732,79.8,2.87,2017,0.0003471964189074993
474,474,2017IND,-0.0008673976737581228,0.0007392691228544495,0.5121951219512195,78.9,3.32,2017,-6.406427545183665e-05
475,475,2017LAC,-0.002803978925120894,0.0018996572802023814,0.6219512195121951,78.3,3.6,2017,-0.00045216082245925625
476,476,2017LAL,0.0010341044611836938,-0.0003117892316601662,0.3170731707317073,79.6,3.27,2017,0.0003611576147617638
477,477,2017MEM,-0.0015147786768281426,-0.000980300620420325,0.524390243902439,78.8,3.0,2017,-0.001247539648624234
478,478,2017MIA,-0.0027141755221687016,-0.0024585109109765066,0.5,78.6,3.05,2017,-0.002586343216572604
479,479,2017MIL,0.0007651719364155697,-0.0003331393367416204,0.5121951219512195,79.5,3.03,2017,0.00021601629983697464
480,480,2017MIN,-0.0019670853433615054,0.0006434370724775237,0.3780487804878049,78.7,3.46,2017,-0.0006618241354419908
481,481,2017NOP,-0.0037998733243523423,0.0017045267212211297,0.4146341463414634,78.0,3.47,2017,-0.0010476733015656063
482,482,2017NYK,0.002465526222075374,0.0007042417242319083,0.3780487804878049,80.1,3.77,2017,0.0015848839731536413
483,483,2017OKC,0.001065862185792095,-0.0006590031435664806,0.573170731707317,79.7,3.03,2017,0.00020342952111280718
484,484,2017ORL,-0.0007767467657823419,0.0017460157910416942,0.35365853658536583,78.8,3.61,2017,0.0004846345126296762
485,485,2017PHI,0.0004826882526034384,-0.000526253302261549,0.34146341463414637,79.3,2.96,2017,-2.17825248290553e-05
486,486,2017PHO,-0.002337047978390829,0.003908260935811594,0.2926829268292683,78.4,4.37,2017,0.0007856064787103826
487,487,2017POR,0.0020478053181914447,-0.00011521315112351423,0.5,80.0,3.35,2017,0.0009662960835339653
488,488,2017SAC,0.0003565089439644863,0.002993285351998962,0.3902439024390244,79.1,4.25,2017,0.0016748971479817242
489,489,2017SAS,0.001285441278074448,4.450862328815213e-05,0.7439024390243902,79.8,3.49,2017,0.0006649749506813001
490,490,2017TOR,-0.0008801633323999521,0.001974514373609762,0.6219512195121951,79.0,3.85,2017,0.0005471755206049051
491,491,2017UTA,0.0009892207149422316,-0.0031477541455361977,0.6219512195121951,79.7,2.68,2017,-0.001079266715296983
492,492,2017WAS,0.0005926407626919082,0.0007044144513130586,0.5975609756097561,79.4,3.48,2017,0.0006485276070024834
493,493,2018ATL,-0.0019061109560203433,0.00029334626833701303,0.2926829268292683,78.7,3.43,2018,-0.0008063823438416651
494,494,2018BOS,-0.0017404698390091273,-1.3298258212607468e-05,0.6707317073170732,78.6,2.95,2018,-0.0008768840486108674
495,495,2018BRK,-0.0008323834604282549,-0.0045450873693598055,0.34146341463414637,79.2,2.61,2018,-0.00268873541489403
496,496,2018CHI,0.0017694516196551224,-0.000382223330761844,0.32926829268292684,80.1,3.5,2018,0.0006936141444466392
497,497,2018CLE,-0.0013939360453920633,-0.0035463059954238068,0.6097560975609756,78.9,2.06,2018,-0.002470121020407935
498,498,2018DAL,-0.0009546403451215789,0.0073401137561690715,0.2926829268292683,78.7,5.11,2018,0.0031927367055237465
499,499,2018DEN,-0.0015294084279843375,-0.002195047421093125,0.5609756097560976,79.0,2.73,2018,-0.0018622279245387313
500,500,2018DET,-0.0029832993213530284,0.0004832026376649744,0.47560975609756095,78.3,3.22,2018,-0.001250048341844027
501,501,2018GSW,0.0013119259893708015,-0.002073135659774129,0.7073170731707317,79.8,2.65,2018,-0.0003806048352016637
502,502,2018HOU,-0.0006833875533282279,3.5251330373789474e-05,0.7926829268292683,79.0,3.2,2018,-0.0003240681114772192
503,503,2018IND,-0.0022523128616937665,0.002214529759000277,0.5853658536585366,78.4,3.73,2018,-1.889155134674478e-05
504,504,2018LAC,-0.0008157755329801224,-0.0018278393489885726,0.5121951219512195,79.1,2.65,2018,-0.0013218074409843475
505,505,2018LAL,0.001719457770075589,-0.0021812087248687458,0.4268292682926829,79.9,2.8,2018,-0.0002308754773965784
506,506,2018MEM,9.409259571086873e-05,-0.0014780135905939763,0.2682926829268293,79.4,2.95,2018,-0.0006919604974415538
507,507,2018MIA,-0.0019155522848653592,-0.0017152636612100605,0.5365853658536586,78.9,3.1,2018,-0.0018154079730377099
508,508,2018MIL,-0.0009604980211041338,0.0006149792200134597,0.5365853658536586,79.0,3.44,2018,-0.00017275940054533706
509,509,2018MIN,0.0003826777331503518,-6.363474313448141e-05,0.573170731707317,79.4,3.27,2018,0.00015952149500793517
510,510,2018NOP,-0.00368228708489675,0.002305746909144373,0.5853658536585366,78.0,3.64,2018,-0.0006882700878761885
511,511,2018NYK,0.0008361275841839592,-0.001757356941092891,0.35365853658536583,79.8,3.16,2018,-0.00046061467845446587
512,512,2018OKC,-0.00045459387686327653,-0.0033418748059980607,0.5853658536585366,79.1,2.5,2018,-0.0018982343414306686
513,513,2018ORL,-0.00297556226781575,-0.00030453807491214726,0.3048780487804878,78.2,3.07,2018,-0.0016400501713639485
514,514,2018PHI,-0.00016782180291904266,0.0007544974759955173,0.6341463414634146,79.2,3.44,2018,0.00029333783653823735
515,515,2018PHO,0.0020005317288484133,0.002832153329832934,0.25609756097560976,79.7,4.33,2018,0.002416342529340674
516,516,2018POR,-0.0013720533449804086,0.001701820785751803,0.5975609756097561,78.8,3.69,2018,0.00016488372038569717
517,517,2018SAC,0.0008094670312675603,-0.0007667815478240208,0.32926829268292684,79.7,3.25,2018,2.1342741721769765e-05
518,518,2018SAS,0.0010146431261896882,0.00023321331380448746,0.573170731707317,79.6,3.33,2018,0.0006239282199970879
519,519,2018TOR,-0.00010257130578715301,0.00196082786164886,0.7195121951219512,79.1,4.0,2018,0.0009291282779308534
520,520,2018UTA,0.0014717223264050956,-7.886909691997386e-05,0.5853658536585366,79.8,3.32,2018,0.0006964266147425609
521,521,2018WAS,0.0010234573919007753,-0.0017133522618729745,0.524390243902439,79.7,2.68,2018,-0.0003449474349860996
522,522,2019ATL,-0.0013485056086908816,-0.0003250294777768513,0.35365853658536583,79.0,3.44,2019,-0.0008367675432338665
523,523,2019BOS,-0.001251028923453574,3.545417493119383e-05,0.5975609756097561,78.7,2.96,2019,-0.0006077873742611901
524,524,2019BRK,-0.0012691643875573642,-0.004574383778830278,0.5121951219512195,79.1,2.24,2019,-0.002921774083193821
525,525,2019CHI,-0.000597371030242391,-0.0009475336441045872,0.2682926829268293,79.4,3.48,2019,-0.0007724523371734891
526,526,2019CLE,-0.00011838757773073775,-0.0027497638480313293,0.23170731707317074,79.2,2.28,2019,-0.0014340757128810334
527,527,2019DAL,-0.001322390867099234,0.00026156649128982986,0.4024390243902439,78.9,3.2,2019,-0.0005304121879047021
528,528,2019DEN,-0.001995612060668122,-0.0020769176878922507,0.6585365853658537,78.8,2.83,2019,-0.0020362648742801863
529,529,2019DET,-0.003922146297405123,0.002105285919867363,0.5,78.0,3.72,2019,-0.0009084301887688799
530,530,2019GSW,-0.0011128946794250237,-0.0006461469685590316,0.6951219512195121,78.9,3.04,2019,-0.0008795208239920277
531,531,2019HOU,-0.004781861883739343,-0.0027144262086073218,0.6463414634146342,77.8,2.57,2019,-0.0037481440461733326
532,532,2019IND,-0.003058743161566256,0.00046408856456951975,0.5853658536585366,78.3,3.28,2019,-0.0012973272984983682
533,533,2019LAC,-0.005007969775112728,-0.0024115505635068962,0.5853658536585366,77.9,2.54,2019,-0.003709760169309812
534,534,2019LAL,0.0011263099333698832,-0.00039838114585687357,0.45121951219512196,79.7,3.31,2019,0.00036396439375650476
535,535,2019MEM,-0.0002574148027035115,0.00029398577184097083,0.4024390243902439,79.1,3.26,2019,1.828548456872967e-05
536,536,2019MIA,-0.0014036710407932945,-0.002390748138094952,0.47560975609756095,79.1,2.94,2019,-0.0018972095894441232
537,537,2019MIL,-0.0015314393984209235,-0.0011249039220477444,0.7317073170731707,79.0,3.41,2019,-0.001328171660234334
538,538,2019MIN,3.246063921077476e-05,0.0011338134430600158,0.43902439024390244,79.2,3.52,2019,0.0005831370411353953
539,539,2019NOP,-0.0036333071909262246,-0.0022393091986964214,0.4024390243902439,78.3,2.86,2019,-0.0029363081948113228
540,540,2019NYK,-0.0006547035892667327,-0.0017295781578698585,0.2073170731707317,79.3,2.93,2019,-0.0011921408735682956
541,541,2019OKC,-0.0010992141068255253,-0.001689164056509514,0.5975609756097561,79.0,2.8,2019,-0.0013941890816675196
542,542,2019ORL,-0.00013820479178818963,-0.0004546827004614977,0.5121951219512195,79.2,3.47,2019,-0.0002964437461248437
543,543,2019PHI,0.000725132390155455,8.044428415386631e-05,0.6219512195121951,79.5,3.26,2019,0.00040278833715466064
544,544,2019PHO,0.001284427829701407,-0.0026826750391926108,0.23170731707317074,79.8,2.61,2019,-0.0006991236047456019
545,545,2019POR,0.0006896502399887152,0.0018512872308427322,0.6463414634146342,79.5,3.82,2019,0.0012704687354157236
546,546,2019SAC,-0.0007704691439307273,0.0008139565433104846,0.47560975609756095,79.0,3.53,2019,2.174369968987864e-05
547,547,2019SAS,-0.00011172624796880355,0.0005125157657789596,0.5853658536585366,79.3,3.4,2019,0.00020039475890507803
548,548,2019TOR,-0.0027048031117908743,0.0018430483509744376,0.7073170731707317,78.3,3.71,2019,-0.00043087738040821835
549,549,2019UTA,-0.001814889914573679,-0.0019077485098478533,0.6097560975609756,78.9,3.04,2019,-0.001861319212210766
550,550,2019WAS,0.0019967700029210247,-0.0034150968126112637,0.3902439024390244,80.0,2.2,2019,-0.0007091634048451195
551,551,2020ATL,0.001288882300611744,-0.0022027810742242075,0.29850746268656714,79.7,2.6,2020,-0.0004569493868062318
552,552,2020BOS,-0.0032790608872837975,-0.001170042907213545,0.6666666666666666,78.2,2.79,2020,-0.002224551897248671
553,553,2020BRK,-0.0008733264012745069,-0.003334136249162639,0.4861111111111111,79.2,2.61,2020,-0.0021037313252185727
554,554,2020CHI,0.0022882087933013464,-0.00026100622417907335,0.3384615384615385,80.2,3.58,2020,0.0010136012845611366
555,555,2020CLE,-0.004737270485283969,-0.0019763167760844043,0.2923076923076923,77.8,2.65,2020,-0.0033567936306841866
556,556,2020DAL,-0.00046371430161609283,0.00039136864724867107,0.5733333333333334,79.3,3.71,2020,-3.617282718371088e-05
557,557,2020DEN,-0.0005439706392945569,-0.0015840641481953898,0.6301369863013698,79.2,2.83,2020,-0.0010640173937449733
558,558,2020DET,-0.0007566020567127923,4.977421655029695e-05,0.30303030303030304,79.1,3.32,2020,-0.0003534139200812477
559,559,2020GSW,-0.0031418522773401067,-0.0022671605776031015,0.23076923076923078,78.3,2.89,2020,-0.002704506427471604
560,560,2020HOU,-0.004984570421725407,-0.005218935217310978,0.6111111111111112,78.0,2.16,2020,-0.005101752819518192
561,561,2020IND,-0.004466954454956514,0.0009124514797288474,0.6164383561643836,77.9,3.41,2020,-0.0017772514876138333
562,562,2020LAC,-0.0022289426519042322,-0.0014671274637441654,0.6805555555555556,78.6,2.95,2020,-0.0018480350578241988
563,563,2020LAL,0.0006785365110540543,0.00021901129540041444,0.7323943661971831,79.5,3.35,2020,0.0004487739032272344
564,564,2020MEM,-0.0019003202465668956,0.0005071919043712606,0.4657534246575342,78.6,3.33,2020,-0.0006965641710978175
565,565,2020MIA,-0.0004545110408778699,-0.0018437085017871707,0.6027397260273972,79.3,2.96,2020,-0.0011491097713325204
566,566,2020MIL,0.0004573750955266769,0.0003810904990069731,0.7671232876712328,79.7,3.92,2020,0.000419232797266825
567,567,2020MIN,-0.003967042135051855,-0.0003536420480803302,0.296875,78.1,3.38,2020,-0.0021603420915660924
568,568,2020NOP,-0.002759095352367349,-0.0016833356439503637,0.4166666666666667,78.6,3.05,2020,-0.0022212154981588565
569,569,2020NYK,0.0013421022376248163,-0.0017848166032370567,0.3181818181818182,79.8,2.69,2020,-0.00022135718280612022
570,570,2020OKC,-0.001551948297040687,0.0010047996196413014,0.6111111111111112,78.7,3.52,2020,-0.0002735743386996928
571,571,2020ORL,0.0011539464446351049,0.00031096668910729963,0.4520547945205479,79.5,3.52,2020,0.0007324565668712022
572,572,2020PHI,0.0007434835928972516,-0.0032298142075005113,0.589041095890411,79.9,2.24,2020,-0.00124316530730163
573,573,2020PHO,-0.0004179493872777774,0.001168532101223228,0.4657534246575342,79.1,3.5,2020,0.0003752913569727253
574,574,2020POR,-0.0027894163536919493,-0.001488658635040879,0.47297297297297297,78.5,2.97,2020,-0.002139037494366414
575,575,2020SAC,-0.0018103587498742113,0.0019700406978148577,0.4305555555555556,78.6,3.62,2020,7.98409739703232e-05
576,576,2020SAS,-0.001840060387226985,-0.0002172833190676998,0.4507042253521127,78.8,3.38,2020,-0.0010286718531473424
577,577,2020TOR,-0.002260139335900487,0.002594512994275901,0.7361111111111112,78.4,3.86,2020,0.00016718682918770694
578,578,2020UTA,-0.003302590646546846,0.0003341486900614456,0.6111111111111112,78.3,3.71,2020,-0.0014842209782427
579,579,2020WAS,0.0010937790651331081,0.004416573960971157,0.3472222222222222,79.0,4.57,2020,0.0027551765130521327
580,580,2021ATL,0.0007261570352643939,-0.0019346719047794747,0.5694444444444444,79.5,2.57,2021,-0.0006042574347575404
581,581,2021BOS,-0.0032758513863551018,0.000706192531411776,0.5,78.1,3.07,2021,-0.0012848294274716628
582,582,2021BRK,-0.00261845776937442,-0.001863941434730254,0.6666666666666666,78.6,2.98,2021,-0.002241199602052337
583,583,2021CHI,0.0006356684378805023,-0.0025831732890972256,0.4305555555555556,79.8,2.53,2021,-0.0009737524256083616
584,584,2021CLE,-0.0006539197043559477,-0.0005054142858551678,0.3055555555555556,79.1,3.1,2021,-0.0005796669951055578
585,585,2021DAL,0.0006059250860534297,0.0020787844827895017,0.5833333333333334,79.6,4.18,2021,0.0013423547844214657
586,586,2021DEN,-0.003921136123077741,0.0007671187447922472,0.6527777777777778,78.0,3.64,2021,-0.001577008689142747
587,587,2021DET,0.00027784541446112523,-0.003037553988711445,0.2777777777777778,79.3,2.32,2021,-0.0013798542871251598
588,588,2021GSW,-0.004923750381454964,-0.0044375916487316164,0.5416666666666666,77.9,2.11,2021,-0.00468067101509329
589,589,2021HOU,-0.004898822941345809,-0.0051527606107470755,0.2361111111111111,78.0,2.33,2021,-0.005025791776046442
590,590,2021IND,-0.004727320039386128,-7.050302869877693e-05,0.4722222222222222,77.8,3.26,2021,-0.0023989115340424527
591,591,2021LAC,5.9193380115063795e-05,-0.0004619608306624158,0.6527777777777778,79.3,3.19,2021,-0.000201383725273676
592,592,2021LAL,-0.0011208468006226268,-0.0017999831501650531,0.5833333333333334,78.9,2.73,2021,-0.00146041497539384
593,593,2021MEM,-0.0038738431533034265,-4.2932716676862836e-05,0.5277777777777778,78.1,3.2,2021,-0.0019583879349901446
594,594,2021MIA,-0.0003637945621642867,-0.00280176148974921,0.5555555555555556,79.2,2.45,2021,-0.0015827780259567484
595,595,2021MIL,-0.0017885432485681598,0.002089790114032869,0.6388888888888888,78.7,4.07,2021,0.00015062343273235452
596,596,2021MIN,-0.0038456727567192516,0.0010893483859135342,0.3194444444444444,78.0,3.58,2021,-0.0013781621854028587
597,597,2021NOP,-0.0010301258674300447,0.0014315197676113133,0.4305555555555556,79.0,3.77,2021,0.0002006969500906343
598,598,2021NYK,-0.0006289185571768724,-0.0009630471160487697,0.5694444444444444,79.2,3.03,2021,-0.0007959828366128211
599,599,2021OKC,0.0019621544042465995,-0.002034031828308477,0.3055555555555556,80.2,3.13,2021,-3.5938712030938666e-05
600,600,2021ORL,-0.0018006334282665156,-0.005260248021233257,0.2916666666666667,78.9,2.11,2021,-0.003530440724749886
601,601,2021PHI,-0.0006568689801058413,0.00021943312483325064,0.6805555555555556,79.1,3.35,2021,-0.00021871792763629536
602,602,2021PHO,-0.0010882684160473896,0.0025674715919894093,0.7083333333333334,78.9,4.0,2021,0.0007396015879710099
603,603,2021POR,-0.003913401162974875,-0.002135103763296265,0.5833333333333334,78.2,3.13,2021,-0.00302425246313557
604,604,2021SAC,-0.003521224246925242,-0.0027523114433661744,0.4305555555555556,78.3,2.68,2021,-0.003136767845145708
605,605,2021SAS,-0.0030813277259233484,-0.0037517091358337095,0.4583333333333333,78.5,2.76,2021,-0.003416518430878529
606,606,2021TOR,-0.006056924343450037,0.0014719932799909818,0.375,77.4,3.53,2021,-0.002292465531729527
607,607,2021UTA,-0.003234960648623968,-6.833807104452302e-05,0.7222222222222222,78.4,3.51,2021,-0.0016516493598342456
608,608,2021WAS,-0.00033469940772551225,0.0032585770631459164,0.4722222222222222,79.1,4.25,2021,0.0014619388277102021
609,609,2022ATL,-0.00046876637969399366,-9.77824825327827e-05,0.524390243902439,79.0,3.01,2022,-0.0002832744311133882
610,610,2022BOS,-0.005327934154060792,-0.0007063209153444464,0.6219512195121951,77.7,2.82,2022,-0.0030171275347026195
611,611,2022BRK,-0.0016720997512629156,-0.0001915028145756617,0.5365853658536586,78.8,3.23,2022,-0.0009318012829192887
612,612,2022CHI,-0.004807763385538142,-0.009293419167542456,0.5609756097560976,78.2,1.55,2022,-0.0070505912765402995
613,613,2022CLE,0.0015224673227185175,0.001012844103996456,0.5365853658536586,79.7,3.57,2022,0.0012676557133574867
614,614,2022DAL,-0.0006015364736240015,-0.002218219538603944,0.6341463414634146,79.4,3.33,2022,-0.0014098780061139729
615,615,2022DEN,-0.005133071039751501,0.0014966970240899602,0.5853658536585366,77.6,3.62,2022,-0.0018181870078307705
616,616,2022DET,-0.004086655231543258,-0.0039824544934613315,0.2804878048780488,78.1,2.11,2022,-0.0040345548625022945
617,617,2022GSW,-0.0022045086976555913,-0.0013454990712321482,0.6463414634146342,78.6,2.66,2022,-0.0017750038844438697
618,618,2022HOU,-0.005501202280904733,-0.005781885763481961,0.24390243902439024,77.8,2.37,2022,-0.005641544022193347
619,619,2022IND,-0.0014182488025066748,-0.0046001839321109924,0.3048780487804878,79.1,2.2,2022,-0.003009216367308834
620,620,2022LAC,7.370289026643817e-05,0.00033562499858465976,0.5121951219512195,79.3,3.49,2022,0.00020466394442554897
621,621,2022LAL,-0.0027926358931606513,-0.002542118979998623,0.4024390243902439,78.6,2.62,2022,-0.0026673774365796373
622,622,2022MEM,-0.0013621258594266176,0.0013381081366520796,0.6829268292682927,78.7,3.49,2022,-1.2008861387269006e-05
623,623,2022MIA,-0.0032336146182706423,-0.002031782268668879,0.6463414634146342,78.3,3.09,2022,-0.0026326984434697606
624,624,2022MIL,-0.0016098048530128676,-0.0029588799048205438,0.6219512195121951,79.1,2.46,2022,-0.0022843423789167057
625,625,2022MIN,-0.0024555770717438344,-0.0016574438030426569,0.5609756097560976,78.6,3.08,2022,-0.002056510437393246
626,626,2022NOP,-0.0009333850512873277,-0.0001368253861905075,0.43902439024390244,79.0,3.32,2022,-0.0005351052187389176
627,627,2022NYK,-0.0006646035776958684,-0.00038361692965302446,0.45121951219512196,79.0,3.26,2022,-0.0005241102536744464
628,628,2022OKC,-0.001394111077074269,-0.00036830354673730685,0.2926829268292683,78.8,3.2,2022,-0.0008812073119057879
629,629,2022ORL,0.00017221019056579595,-0.0007255287872955356,0.2682926829268293,79.5,3.29,2022,-0.0002766592983648699
630,630,2022PHI,-0.0033315892431768613,-0.002123833033096197,0.6219512195121951,78.3,2.93,2022,-0.002727711138136529
631,631,2022PHO,-0.0028120904384811634,0.0004923938588710468,0.7804878048780488,78.5,3.66,2022,-0.0011598482898050582
632,632,2022POR,-0.005260199187217173,-0.0034115770602723933,0.32926829268292684,77.8,3.07,2022,-0.004335888123744783
633,633,2022SAC,0.0004184828215728899,-0.00022542773573595441,0.36585365853658536,79.4,3.05,2022,9.652754291846773e-05
634,634,2022SAS,-0.004115084076642794,-0.004070847450454225,0.4146341463414634,78.1,2.73,2022,-0.00409296576354851
635,635,2022TOR,0.0008244917905052578,-0.0021661646631764907,0.5853658536585366,79.4,2.59,2022,-0.0006708364363356165
636,636,2022UTA,-0.0021686011369206437,0.0012197008583522185,0.5975609756097561,78.7,3.94,2022,-0.0004744501392842126
637,637,2022WAS,-0.0007764385862800091,-0.0018268159754571962,0.4268292682926829,79.0,2.62,2022,-0.0013016272808686028
638,638,2023ATL,-0.0015398536854578698,0.0007516380397209569,0.5,78.6,3.24,2023,-0.00039410782286845647
639,639,2023BOS,0.0001750431807903907,-0.0021205586919159254,0.6951219512195121,79.6,3.08,2023,-0.0009727577555627674
640,640,2023BRK,-0.002495994261944052,0.00013894948384438315,0.5487804878048781,78.5,3.41,2023,-0.0011785223890498344
641,641,2023CHI,-0.002888475791512388,-0.006174224349663766,0.4878048780487805,78.8,2.24,2023,-0.004531350070588077
642,642,2023CLE,-0.0002781302399199551,-0.0006278281665780385,0.6219512195121951,79.2,3.07,2023,-0.0004529792032489968
643,643,2023DAL,-0.0019478046363699583,-0.003847852644032801,0.4634146341463415,78.9,2.33,2023,-0.0028978286402013796
644,644,2023DEN,-0.0008632061126978921,-0.0016977203778285423,0.6463414634146342,79.1,2.73,2023,-0.0012804632452632172
645,645,2023DET,-0.0023261752002739808,-0.004317764356244068,0.2073170731707317,78.6,2.12,2023,-0.003321969778259024
646,646,2023GSW,-0.004291088169467411,-0.0052601977440639505,0.5365853658536586,78.1,1.96,2023,-0.004775642956765681
647,647,2023HOU,-0.001625269928677639,-0.002657127874129233,0.2682926829268293,79.0,2.73,2023,-0.002141198901403436
648,648,2023IND,-0.0015245903889595706,-0.0018318205547937162,0.4268292682926829,78.9,2.97,2023,-0.0016782054718766436
649,649,2023LAC,-0.0012433434708374637,-0.0017471646065862416,0.5365853658536586,78.9,2.8,2023,-0.0014952540387118526
650,650,2023LAL,-0.0023113098494950187,0.00010335561039865503,0.524390243902439,78.5,3.16,2023,-0.0011039771195481818
651,651,2023MEM,-0.001537722997672204,0.00048384585574087714,0.6219512195121951,78.8,3.41,2023,-0.0005269385709656634
652,652,2023MIA,-0.005470920549191978,-0.0022774141357368464,0.5365853658536586,77.6,2.47,2023,-0.0038741673424644123
653,653,2023MIL,-0.00042797590745281616,-0.00023054348757197644,0.7073170731707317,79.3,3.52,2023,-0.0003292596975123963
654,654,2023MIN,0.0010132230625818231,-0.0007747932896496988,0.5121951219512195,79.8,3.41,2023,0.00011921488646606215
655,655,2023NOP,0.00039725593294171157,-0.001189950147728391,0.5121951219512195,79.2,2.93,2023,-0.0003963471073933398
656,656,2023NYK,-0.0015898902969300951,0.0007639726070000839,0.573170731707317,78.9,3.67,2023,-0.0004129588449650056
657,657,2023OKC,-0.002130274897509469,-0.005415877250564258,0.4878048780487805,78.7,1.78,2023,-0.0037730760740368637
658,658,2023ORL,0.0019399296178880608,3.034030993255315e-05,0.4146341463414634,80.2,3.87,2023,0.000985134963910307
659,659,2023PHI,-0.0026470495209286286,-0.002258765333391292,0.6585365853658537,78.6,2.91,2023,-0.00245290742715996
660,660,2023PHO,-0.0009905852750279939,-0.0013459249345796882,0.5487804878048781,79.0,3.23,2023,-0.001168255104803841
661,661,2023POR,-0.0019433485425282085,-0.001742391083513081,0.4024390243902439,78.8,2.9,2023,-0.0018428698130206447
662,662,2023SAC,-0.0012929344708331012,-0.0007486906056769234,0.5853658536585366,78.8,2.83,2023,-0.0010208125382550122
663,663,2023SAS,-0.001254120100322392,-0.0016618873338078012,0.2682926829268293,79.0,3.14,2023,-0.0014580037170650966
664,664,2023TOR,0.0026835231173651464,-0.0006708395034540189,0.5,80.2,3.41,2023,0.0010063418069555638
665,665,2023UTA,-0.0020069650083925908,0.0018235592168270056,0.45121951219512196,78.7,4.04,2023,-9.17028957827926e-05
666,666,2023WAS,0.00011537314153555363,-0.00046631541721559413,0.4268292682926829,79.5,3.46,2023,-0.00017547113784002026
667,667,2024ATL,-0.00023237397144875512,-0.0019027835090428629,0.43902439024390244,79.2,2.57,2024,-0.0010675787402458091
668,668,2024BOS,0.0012799318265306159,-0.00012849395529206713,0.7804878048780488,80.0,3.96,2024,0.0005757189356192743
669,669,2024BRK,-0.005383814123539944,-0.0025975288009167973,0.3902439024390244,77.7,2.79,2024,-0.0039906714622283705
670,670,2024CHI,-0.002534992834618097,-0.003367254748327313,0.47560975609756095,78.7,2.68,2024,-0.002951123791472705
671,671,2024CLE,-0.002005931513377541,-0.0007584785310536588,0.5853658536585366,78.7,3.16,2024,-0.0013822050222155999
672,672,2024DAL,-0.0036917582531224603,-0.006140905368282348,0.6097560975609756,78.3,2.71,2024,-0.004916331810702404
673,673,2024DEN,0.00014106193900736708,-0.0018277706651700961,0.6951219512195121,79.4,2.66,2024,-0.0008433543630813645
674,674,2024DET,-0.0006729461330065273,-0.0026975983054101657,0.17073170731707318,79.2,2.72,2024,-0.0016852722192083466
675,675,2024GSW,-0.0037197432640370077,-0.0014076506456875706,0.5609756097560976,78.1,2.76,2024,-0.002563696954862289
676,676,2024HOU,-0.0027464699353773898,0.0014319731572530914,0.5,78.3,3.68,2024,-0.0006572483890621492
677,677,2024IND,-0.0014865001413139082,-0.001736635678200534,0.573170731707317,78.9,2.91,2024,-0.0016115679097572211
678,678,2024LAC,-0.00018583234312828667,-0.0026419843652643283,0.6219512195121951,79.4,2.62,2024,-0.0014139083541963074
679,679,2024LAL,0.0017035085012438928,-0.0027568198528420745,0.573170731707317,80.0,2.46,2024,-0.0005266556757990908
680,680,2024MEM,-0.0012915654734530246,-0.0024733221252658797,0.32926829268292684,79.0,2.77,2024,-0.001882443799359452
681,681,2024MIA,-0.004938852077482214,-0.001710855954075351,0.5609756097560976,77.7,2.64,2024,-0.0033248540157787823
682,682,2024MIL,-0.0015338459631460092,-0.0008735506198037457,0.5975609756097561,79.0,3.5,2024,-0.0012036982914748774
683,683,2024MIN,-0.00019659257894742536,0.003249462701191643,0.6829268292682927,79.1,4.32,2024,0.001526435061122109
684,684,2024NOP,0.0013304094308760786,-0.004470890774712495,0.5975609756097561,79.7,2.04,2024,-0.001570240671918208
685,685,2024NYK,-0.003367159903797567,-0.001723596821165784,0.6097560975609756,78.4,3.01,2024,-0.0025453783624816754
686,686,2024OKC,-0.001348499479581527,-0.004983349360064351,0.6951219512195121,79.2,2.49,2024,-0.003165924419822939
687,687,2024ORL,0.003237799233648394,-0.0010199198084665496,0.573170731707317,80.3,3.03,2024,0.0011089397125909222
688,688,2024PHI,-0.00020307534255345087,0.0014099567166005237,0.573170731707317,79.2,3.74,2024,0.0006034406870235364
689,689,2024PHO,-0.001482634784304585,-0.002116411488703937,0.5975609756097561,79.0,3.11,2024,-0.001799523136504261
690,690,2024POR,0.0010081661121010364,-0.0012218193759892307,0.25609756097560976,79.7,2.89,2024,-0.00010682663194409717
691,691,2024SAC,-0.0018392412709091342,-0.0016721601084389091,0.5609756097560976,78.7,2.6,2024,-0.0017557006896740217
692,692,2024SAS,-0.000641546186992709,-0.001414956020484278,0.2682926829268293,79.4,3.73,2024,-0.0010282511037384935
693,693,2024TOR,-0.0029393651767872946,-0.0020658488907636095,0.3048780487804878,78.4,2.84,2024,-0.002502607033775452
694,694,2024UTA,0.00022299031125137198,0.0005892859051150823,0.3780487804878049,79.4,3.7,2024,0.00040613810818322714
695,695,2024WAS,-0.0008449586014690439,-0.0008354761602149994,0.18292682926829268,79.0,2.87,2024,-0.0008402173808420216
