,Roster,LE_Component_1,LE_Component_2,Win_Percentage,Avg Height,Standard Deviation of Roster Height,Season,Distance
0,2001ATL,0.0019391446539984813,0.005253314944510538,0.3048780487804878,79.7,4.73,2001,0.0035962297992545096
1,2001BOS,0.0003699226630082388,0.0018606214287834862,0.43902439024390244,79.3,3.68,2001,0.0011152720458958625
2,2001CHH,0.0026019765427686982,0.0024427633447343983,0.5609756097560976,80.0,3.83,2001,0.0025223699437515483
3,2001CHI,-0.0025542980857353355,0.001033574550363958,0.18292682926829268,78.3,3.6,2001,-0.0007603617676856888
4,2001CLE,-4.2589321291795356e-05,-0.00285795065524109,0.36585365853658536,79.4,2.62,2001,-0.0014502699882664425
5,2001DAL,0.0006768900937232697,0.00043854357156277287,0.6463414634146342,80.0,4.48,2001,0.0005577168326430212
6,2001DEN,0.001185799487217323,0.0014131621510499544,0.4878048780487805,79.6,3.65,2001,0.0012994808191336387
7,2001DET,-0.003685078482439019,0.002771532166185365,0.3902439024390244,77.9,4.03,2001,-0.0004567731581268269
8,2001GSW,0.0008080363709019221,0.0007121110539049747,0.2073170731707317,79.4,3.39,2001,0.0007600737124034484
9,2001HOU,0.0011295768938037107,0.0006669144780522708,0.5487804878048781,79.6,3.42,2001,0.0008982456859279908
10,2001IND,0.005562780115057853,0.0003287304055076987,0.5,80.9,3.44,2001,0.002945755260282776
11,2001LAC,0.0029895039571379766,-0.0014072815631778954,0.3780487804878049,80.3,2.89,2001,0.0007911111969800406
12,2001LAL,0.0011358244682722445,-0.001245223319817222,0.6829268292682927,79.8,3.16,2001,-5.469942577248873e-05
13,2001MIA,-0.0025687945719148953,0.00179286602835004,0.6097560975609756,78.2,3.52,2001,-0.0003879642717824277
14,2001MIL,0.001682278832610814,-0.0008043184635787244,0.6341463414634146,79.8,2.97,2001,0.0004389801845160448
15,2001MIN,0.00019554762452878168,0.0012247832403734155,0.573170731707317,79.2,3.74,2001,0.0007101654324510986
16,2001NJN,-2.7308052260210147e-05,0.0009251558857771532,0.3170731707317073,79.1,3.38,2001,0.00044892391675847154
17,2001NYK,-0.002027231385974449,0.00035334598864665947,0.5853658536585366,78.6,3.14,2001,-0.0008369426986638948
18,2001ORL,0.0020043395211831318,0.0015733667224776115,0.524390243902439,79.8,3.55,2001,0.0017888531218303717
19,2001PHI,0.003722180675256973,0.001667176201057798,0.6829268292682927,80.4,3.99,2001,0.0026946784381573856
20,2001PHO,0.004202735586547813,0.0003423925673221524,0.6219512195121951,80.7,3.92,2001,0.0022725640769349826
21,2001POR,0.0033266784107658614,0.004739495654584617,0.6097560975609756,79.9,4.9,2001,0.0040330870326752396
22,2001SAC,0.0023959713602818857,0.002569752604114547,0.6707317073170732,80.0,4.03,2001,0.0024828619821982163
23,2001SAS,0.0008543884825443881,0.002426598542146342,0.7073170731707317,79.3,4.19,2001,0.0016404935123453652
24,2001SEA,0.00034221945743091644,0.00017110196042681298,0.5365853658536586,79.5,3.44,2001,0.0002566607089288647
25,2001TOR,0.0009412045191158299,-0.000681528218464802,0.573170731707317,79.6,3.14,2001,0.00012983815032551399
26,2001UTA,0.002719470579053073,0.0017554398128751649,0.6463414634146342,80.0,3.96,2001,0.0022374551959641192
27,2001VAN,0.002206992076391876,-0.0002105643363426227,0.2804878048780488,80.0,3.23,2001,0.0009982138700246265
28,2001WAS,-0.003731625060643183,-0.002475181828270983,0.23170731707317074,78.1,2.62,2001,-0.003103403444457083
29,2002ATL,0.00038632154544280064,0.0010961667526912338,0.4024390243902439,79.3,3.4,2002,0.0007412441490670173
30,2002BOS,0.0004242041166277062,0.0017588282887411135,0.5975609756097561,79.2,3.55,2002,0.00109151620268441
31,2002CHH,0.0014606199703741981,0.0027135222977108632,0.5365853658536586,79.6,3.81,2002,0.002087071134042531
32,2002CHI,0.0039456406761604595,-0.0013481245976919038,0.25609756097560976,80.6,2.91,2002,0.0012987580392342778
33,2002CLE,0.0030512820618321863,-0.0021853328851340796,0.35365853658536583,80.5,3.32,2002,0.0004329745883490533
34,2002DAL,0.0017622339341058183,0.002511888399545655,0.6951219512195121,80.1,4.69,2002,0.002137061166825737
35,2002DEN,-0.0007829245762537479,0.0023489700795884206,0.32926829268292684,78.7,3.97,2002,0.0007830227516673364
36,2002DET,-0.004090358905089163,0.0027654796713889934,0.6097560975609756,77.9,4.13,2002,-0.0006624396168500848
37,2002GSW,0.001220483424883469,-0.0023624175152400454,0.25609756097560976,79.9,2.5,2002,-0.0005709670451782882
38,2002HOU,0.0011295768938037176,0.0006669144780522742,0.34146341463414637,79.6,3.42,2002,0.0008982456859279959
39,2002IND,0.004292987695844977,0.001598813524046083,0.5121951219512195,80.4,3.81,2002,0.00294590060994553
40,2002LAC,0.002574591484594156,0.0013771694461603703,0.47560975609756095,79.1,5.06,2002,0.001975880465377263
41,2002LAL,0.0011660015204093728,0.0006839170053768079,0.7073170731707317,79.6,3.53,2002,0.0009249592628930903
42,2002MEM,-0.00023005595098123832,0.004869494712864529,0.2804878048780488,78.7,4.49,2002,0.0023197193809416455
43,2002MIA,-0.0021090733830683443,0.0011097732640013686,0.43902439024390244,78.6,3.53,2002,-0.0004996500595334879
44,2002MIL,0.0009468111301582058,-0.0007543665487058791,0.5,79.7,3.28,2002,9.622229072616333e-05
45,2002MIN,-0.0006459000024604645,0.0013486288164334774,0.6097560975609756,79.0,3.77,2002,0.00035136440698650646
46,2002NJN,0.002214117980117453,-0.0009704417637606606,0.6341463414634146,80.1,3.1,2002,0.0006218381081783964
47,2002NYK,-0.0033332710657707756,-0.0001326059444650989,0.36585365853658536,78.2,3.16,2002,-0.0017329385051179373
48,2002ORL,0.0012463932043954146,0.0011208547960160826,0.5365853658536586,79.7,3.57,2002,0.0011836240002057485
49,2002PHI,-0.0019299367629585095,0.003613090226784477,0.524390243902439,78.6,4.41,2002,0.0008415767319129837
50,2002PHO,0.0025850644946102176,-0.0025045368670726315,0.43902439024390244,80.4,3.05,2002,4.026381376879304e-05
51,2002POR,-0.0018565446488815677,0.0013072851167746009,0.5975609756097561,78.5,3.87,2002,-0.0002746297660534834
52,2002SAC,0.0036708650027111973,0.00170660897502909,0.7439024390243902,80.3,3.87,2002,0.0026887369888701435
53,2002SAS,7.392049918084601e-06,-0.0001293863595516181,0.7073170731707317,79.4,3.48,2002,-6.099715481676675e-05
54,2002SEA,0.004285071126184112,-0.00016671492378573523,0.5487804878048781,80.6,3.36,2002,0.0020591781011991884
55,2002TOR,0.0028979276530232898,-0.0010295458278209051,0.5121951219512195,80.3,3.12,2002,0.0009341909126011923
56,2002UTA,0.0033424640153489793,-0.0006919143714823819,0.5365853658536586,80.4,3.42,2002,0.0013252748219332987
57,2002WAS,-0.0010107863676972362,0.0012796797727896007,0.45121951219512196,78.8,3.82,2002,0.00013444670254618223
58,2003ATL,-0.003293600347907545,0.002997454706234778,0.4268292682926829,77.9,3.88,2003,-0.00014807282083638342
59,2003BOS,0.0007095284912000547,0.002356560429322175,0.5365853658536586,79.2,3.77,2003,0.001533044460261115
60,2003CHI,0.0016398033340439902,-0.0008442104620573406,0.36585365853658536,79.9,3.17,2003,0.0003977964359933248
61,2003CLE,0.002381049039721658,0.0002556673833006506,0.2073170731707317,80.2,3.85,2003,0.0013183582115111542
62,2003DAL,0.0017770627817052347,0.0008286136825405045,0.7317073170731707,80.2,4.45,2003,0.0013028382321228697
63,2003DEN,0.005080793451944661,-0.0029004844950966534,0.2073170731707317,81.0,2.16,2003,0.0010901544784240036
64,2003DET,-0.001064941878207282,0.0008618988109667878,0.6097560975609756,78.8,3.49,2003,-0.00010152153362024714
65,2003GSW,0.0023481336363570626,0.0017804957042725858,0.4634146341463415,79.0,5.06,2003,0.0020643146703148243
66,2003HOU,0.002645612136603673,0.0010907666600908448,0.524390243902439,80.3,4.31,2003,0.001868189398347259
67,2003IND,0.0037253785988335605,-0.0012320149461813902,0.5853658536585366,80.5,3.0,2003,0.0012466818263260852
68,2003LAC,0.001321348341945609,-0.0014651260251729644,0.32926829268292684,79.8,2.83,2003,-7.188884161367772e-05
69,2003LAL,0.0018476711618020858,-0.0013743441456925,0.6097560975609756,80.0,3.01,2003,0.00023666350805479292
70,2003MEM,0.0018384242872651509,0.0012770150535170155,0.34146341463414637,79.7,3.6,2003,0.0015577196703910833
71,2003MIA,-0.0035404397421480265,0.003565026892442973,0.3048780487804878,77.9,4.18,2003,1.2293575147473293e-05
72,2003MIL,-0.0005652433286611211,-0.0017361892124530141,0.5121951219512195,79.3,2.71,2003,-0.0011507162705570676
73,2003MIN,0.0009876760653253107,0.0009387359804297026,0.6219512195121951,79.6,3.53,2003,0.0009632060228775066
74,2003NJN,0.0003115712490200147,-0.0022968847232925542,0.5975609756097561,79.5,2.65,2003,-0.0009926567371362697
75,2003NOH,0.0015679528807071021,0.0005189439432370864,0.573170731707317,79.7,3.37,2003,0.0010434484119720942
76,2003NYK,-0.0008359969732130037,-0.0012896758951520823,0.45121951219512196,79.0,2.87,2003,-0.001062836434182543
77,2003ORL,0.001174985198788407,0.0015166283613347348,0.5121951219512195,79.4,3.56,2003,0.001345806780061571
78,2003PHI,-4.932548193392425e-05,0.000923175170883255,0.5853658536585366,79.2,3.52,2003,0.0004369248444746654
79,2003PHO,0.003245151588404911,-0.0020054778047313513,0.5365853658536586,80.4,2.62,2003,0.0006198368918367799
80,2003POR,0.0012688185069606066,0.0019103302012027086,0.6097560975609756,79.6,4.5,2003,0.0015895743540816575
81,2003SAC,0.001029941135242151,0.0029239449184783003,0.7195121951219512,79.6,4.11,2003,0.0019769430268602255
82,2003SAS,0.002526449107648147,-0.0006558608511657614,0.7317073170731707,80.2,3.41,2003,0.0009352941282411928
83,2003SEA,0.0024388267463993332,-0.0014269039178771428,0.4878048780487805,80.2,2.79,2003,0.0005059614142610952
84,2003TOR,0.000925514550147666,-0.0017557234119560078,0.2926829268292683,79.5,2.57,2003,-0.00041510443090417087
85,2003UTA,0.0013832436580073736,0.0007642595694374307,0.573170731707317,79.6,3.75,2003,0.001073751613722402
86,2003WAS,0.0007482583371208876,0.0007849268875863724,0.45121951219512196,79.5,3.63,2003,0.00076659261235363
87,2004ATL,0.0002605677898077568,0.0002521473616171428,0.34146341463414637,79.2,3.1,2004,0.0002563575757124498
88,2004BOS,0.0007065412282618777,0.003778873595035048,0.43902439024390244,79.3,4.35,2004,0.0022427074116484627
89,2004CHI,0.0030223491340426005,-0.002236690666854423,0.2804878048780488,80.4,2.62,2004,0.00039282923359408865
90,2004CLE,0.004085021475057483,-0.002246432762657355,0.4268292682926829,80.7,3.12,2004,0.0009192943562000642
91,2004DAL,0.002782542199127238,0.0013589312141199421,0.6341463414634146,80.2,4.58,2004,0.00207073670662359
92,2004DEN,0.0016610400444724807,0.00449666536791869,0.524390243902439,78.9,5.44,2004,0.0030788527061955855
93,2004DET,0.001808421982316577,0.0014560769721678913,0.6585365853658537,79.6,3.75,2004,0.0016322494772422341
94,2004GSW,-0.0025547149983781957,0.0038934665911071597,0.45121951219512196,78.0,4.36,2004,0.000669375796364482
95,2004HOU,0.0004387647254627763,0.0004037318136374463,0.5487804878048781,79.8,4.31,2004,0.00042124826955011133
96,2004IND,-0.0006256740167603017,0.000724606854769801,0.7439024390243902,79.0,3.38,2004,4.946641900474964e-05
97,2004LAC,0.0013135732484486488,-0.00010117572522311627,0.34146341463414637,79.7,3.28,2004,0.0006061987616127662
98,2004LAL,0.0018671850455846154,-0.0006340596085481209,0.6829268292682927,79.9,3.23,2004,0.0006165627185182473
99,2004MEM,0.0012179923140357317,0.000864917231208018,0.6097560975609756,79.6,3.53,2004,0.0010414547726218747
100,2004MIA,0.0023779971654014484,-0.0014570118235135527,0.5121951219512195,80.1,3.01,2004,0.0004604926709439478
101,2004MIL,0.00293451606368103,0.0005617067092543275,0.5,80.1,3.44,2004,0.0017481113864676787
102,2004MIN,0.0018841808236130415,-0.001030107885349096,0.7073170731707317,80.0,3.04,2004,0.00042703646913197274
103,2004NJN,0.0005051226158990375,-0.002986598550014255,0.573170731707317,79.7,2.4,2004,-0.001240737967057609
104,2004NOH,9.488039885436226e-05,0.002834920898063335,0.5,79.1,3.9,2004,0.0014649006484588486
105,2004NYK,0.002338156928553186,-0.0006454548293901238,0.47560975609756095,80.1,3.38,2004,0.000846351049581531
106,2004ORL,0.0002679102364135909,0.0007374052125700178,0.25609756097560976,79.3,3.49,2004,0.0005026577244918043
107,2004PHI,-0.0018503629769439395,-0.0006031474563534381,0.4024390243902439,78.6,3.08,2004,-0.0012267552166486887
108,2004PHO,-0.0011453065004605187,-0.00041779824476375276,0.35365853658536583,78.9,3.04,2004,-0.0007815523726121357
109,2004POR,0.0017991023354353112,0.0013893448946179661,0.5,79.5,3.85,2004,0.0015942236150266386
110,2004SAC,0.0022178425798415695,0.0024474010687131906,0.6707317073170732,79.9,3.98,2004,0.00233262182427738
111,2004SAS,0.0014158373914306486,-0.00046990463387971276,0.6951219512195121,79.8,3.23,2004,0.0004729663787754679
112,2004SEA,0.00039005575743166014,-0.0007287105409075862,0.45121951219512196,79.5,3.03,2004,-0.00016932739173796305
113,2004TOR,0.0011112594181272954,-0.0027034840243449513,0.4024390243902439,79.7,2.32,2004,-0.0007961123031088279
114,2004UTA,-0.0017996903011072882,0.0021846822046196384,0.5121951219512195,78.8,4.12,2004,0.00019249595175617506
115,2004WAS,0.0020679304730418808,0.00015207101644058846,0.3048780487804878,80.1,3.44,2004,0.0011100007447412347
116,2005ATL,0.0012854877117390335,0.0031340829408864853,0.15853658536585366,79.5,3.95,2005,0.0022097853263127595
117,2005BOS,0.0010830392063401117,-0.0006494017553356527,0.5487804878048781,79.7,3.12,2005,0.0002168187255022295
118,2005CHI,0.0016549375133606819,0.0005782774263697821,0.573170731707317,79.8,3.49,2005,0.001116607469865232
119,2005CLE,0.0034166648805234495,-0.0013865670888253843,0.5121951219512195,80.5,3.38,2005,0.0010150488958490327
120,2005DAL,0.002827406615906821,-0.0004421422570029175,0.7073170731707317,80.5,4.22,2005,0.0011926321794519517
121,2005DEN,0.0025883210370332217,0.003551801268446921,0.5975609756097561,79.1,5.33,2005,0.0030700611527400713
122,2005DET,-0.001077901508436156,-0.00016663229415729648,0.6585365853658537,78.9,3.04,2005,-0.0006222669012967263
123,2005GSW,-0.0009952215480355418,0.0027523884791094974,0.4146341463414634,78.7,3.87,2005,0.0008785834655369778
124,2005HOU,0.003448112357303677,0.0007798317516404159,0.6219512195121951,80.6,4.61,2005,0.0021139720544720462
125,2005IND,-0.0007737744768312175,0.0013619038965491078,0.5365853658536586,78.9,3.53,2005,0.00029406470985894514
126,2005LAC,0.0048260798007281214,-0.0022155485640848334,0.45121951219512196,80.9,2.65,2005,0.001305265618321644
127,2005LAL,0.0014751743392896332,0.0012648597211317818,0.4146341463414634,79.5,3.66,2005,0.0013700170302107075
128,2005MEM,0.0012179923140357408,0.000864917231208039,0.5487804878048781,79.6,3.53,2005,0.00104145477262189
129,2005MIA,0.0005317092034760607,-0.0007309278340020891,0.7195121951219512,79.7,3.34,2005,-9.960931526301422e-05
130,2005MIL,0.0011012972533603403,0.0018707708032797768,0.36585365853658536,79.5,3.63,2005,0.0014860340283200585
131,2005MIN,-0.0028112186274364933,0.0015811085884882723,0.5365853658536586,78.4,3.78,2005,-0.0006150550194741105
132,2005NJN,-0.0012799176513006774,0.0024697182563548354,0.5121951219512195,78.8,4.05,2005,0.000594900302527079
133,2005NOH,0.00046194195236801393,0.0013424166828208779,0.21951219512195122,79.1,3.64,2005,0.0009021793175944459
134,2005NYK,0.002309742791566406,-0.002762871296428563,0.4024390243902439,80.0,2.33,2005,-0.0002265642524310787
135,2005ORL,0.0013452806027612484,0.0016886354093639477,0.43902439024390244,79.6,3.65,2005,0.001516958006062598
136,2005PHI,-0.0008699110643898972,-0.0018133668475638653,0.524390243902439,78.9,2.91,2005,-0.0013416389559768812
137,2005PHO,0.0004830839567584415,-0.0018665165297599559,0.7560975609756098,79.6,2.91,2005,-0.0006917162865007571
138,2005POR,-0.0015711798758889987,0.005407063109789858,0.32926829268292684,78.4,4.68,2005,0.0019179416169504296
139,2005SAC,0.0015280242312478314,-0.0005790503703153581,0.6097560975609756,79.7,3.03,2005,0.00047448693046623665
140,2005SAS,8.876304084989708e-05,-0.0011402133386881415,0.7195121951219512,79.4,3.11,2005,-0.0005257251489191223
141,2005SEA,0.0010405792558071487,-0.0004997638114455039,0.6341463414634146,79.7,3.16,2005,0.00027040772218082243
142,2005TOR,0.0020284415852781794,-0.0007744974217781504,0.4024390243902439,79.9,2.94,2005,0.0006269720817500145
143,2005UTA,-0.0004818399928602564,-0.0010319118858630667,0.3170731707317073,79.1,2.87,2005,-0.0007568759393616615
144,2005WAS,0.0037040513353605916,-0.0012776637862038363,0.5487804878048781,80.5,2.97,2005,0.0012131937745783776
145,2006ATL,0.0002059890780924604,0.002311980601771021,0.3170731707317073,79.1,3.67,2006,0.0012589848399317408
146,2006BOS,0.0018573203087970023,-0.0027109508162909066,0.4024390243902439,80.0,2.33,2006,-0.00042681525374695215
147,2006CHI,0.0014529364603913801,0.0002187159754942569,0.5,79.7,3.28,2006,0.0008358262179428185
148,2006CLE,0.0023181421158949603,0.00015146669839863212,0.6097560975609756,80.2,3.72,2006,0.0012348044071467962
149,2006DAL,0.0014350346051765503,-0.00030414493689969336,0.7317073170731707,79.9,3.47,2006,0.0005654448341384285
150,2006DEN,-0.0007913224611266777,0.005862539499791447,0.5365853658536586,78.2,5.39,2006,0.0025356085193323848
151,2006DET,-0.001993945079352749,0.00045241210256689743,0.7804878048780488,78.6,3.21,2006,-0.0007707664883929259
152,2006GSW,0.00033075445799508337,0.000929477750105759,0.4146341463414634,79.3,3.4,2006,0.0006301161040504212
153,2006HOU,0.0005896157256113301,0.003680044594634565,0.4146341463414634,79.9,5.0,2006,0.0021348301601229478
154,2006IND,0.003965553700191793,-0.0007063858685523281,0.5,80.6,3.11,2006,0.0016295839158197323
155,2006LAC,-0.00047562717921082105,-0.0013773219401541081,0.573170731707317,79.3,2.86,2006,-0.0009264745596824646
156,2006LAL,0.006005170984540617,-0.002455346745780881,0.5487804878048781,81.2,2.49,2006,0.0017749121193798682
157,2006MEM,-0.0013414040095032656,0.004856709753358509,0.5975609756097561,78.3,4.64,2006,0.0017576528719276219
158,2006MIA,0.0007599067170425203,-0.0005133611523797766,0.6341463414634146,79.6,3.27,2006,0.00012327278233137184
159,2006MIL,0.0004811254630222594,0.0031739400889842146,0.4878048780487805,79.3,4.09,2006,0.0018275327760032371
160,2006MIN,0.0014020826556578171,-0.001043106607552555,0.4024390243902439,79.8,3.03,2006,0.0001794880240526311
161,2006NJN,0.002128042630049208,-0.0006644580290774472,0.5975609756097561,80.0,3.26,2006,0.0007317923004858803
162,2006NOK,-6.675849396837499e-05,0.0015972826120593323,0.4634146341463415,78.9,3.8,2006,0.0007652620590454786
163,2006NYK,0.0011061695800356204,0.002506116891489023,0.2804878048780488,79.2,4.34,2006,0.0018061432357623216
164,2006ORL,0.0013113352693409751,0.0023843553527964313,0.43902439024390244,79.6,3.86,2006,0.0018478453110687032
165,2006PHI,0.002093686408373741,-3.849291943777458e-05,0.4634146341463415,79.9,3.41,2006,0.0010275967444679833
166,2006PHO,-0.0006870357614608485,0.00029242932636178127,0.6585365853658537,79.0,3.17,2006,-0.0001973032175495336
167,2006POR,0.00035404142802234433,0.0022369574075199595,0.25609756097560976,79.3,3.97,2006,0.001295499417771152
168,2006SAC,-0.00019513088758114875,-0.001308667428380196,0.5365853658536586,79.2,2.9,2006,-0.0007518991579806724
169,2006SAS,0.0013787437536232617,0.0005956300822498972,0.7682926829268293,79.7,3.49,2006,0.0009871869179365793
170,2006SEA,0.003745414627071982,-0.0006475964147724053,0.4268292682926829,80.6,3.36,2006,0.0015489091061497884
171,2006TOR,0.003931244884912562,-0.0006031917333246965,0.32926829268292684,80.5,3.13,2006,0.0016640265757939328
172,2006UTA,-0.0006783042164205481,-5.730753617676008e-05,0.5,79.1,3.17,2006,-0.00036780587629865405
173,2006WAS,0.0028946950901888556,-0.0021734887062239824,0.5121951219512195,80.3,2.56,2006,0.0003606031919824366
174,2007ATL,0.00033445615307185224,0.004288410444780802,0.36585365853658536,78.8,4.31,2007,0.002311433298926327
175,2007BOS,-0.0015019313939257737,0.0007925723231271395,0.2926829268292683,78.6,3.3,2007,-0.0003546795353993171
176,2007CHI,0.0006263246224172868,6.918477158312806e-05,0.5975609756097561,79.4,3.14,2007,0.0003477546970002074
177,2007CLE,0.001859090080842732,0.0011409005380717137,0.6097560975609756,80.0,3.96,2007,0.001499995309457223
178,2007DAL,0.0017039802873717465,0.00032224374182804186,0.8170731707317073,79.9,3.47,2007,0.0010131120145998943
179,2007DEN,0.0007658848389061312,-0.000388725135583264,0.5487804878048781,79.4,3.18,2007,0.0001885798516614336
180,2007DET,0.0021706845323758413,-0.001952601735496436,0.6463414634146342,80.0,2.58,2007,0.0001090413984397026
181,2007GSW,0.0015252432459067025,-0.0013702965054145874,0.5121951219512195,79.8,2.72,2007,7.747337024605755e-05
182,2007HOU,0.0013654934074590066,-0.0008590727702241552,0.6341463414634146,80.3,4.42,2007,0.0002532103186174257
183,2007IND,0.003344223603201553,0.0009276005021237768,0.4268292682926829,80.2,3.49,2007,0.002135912052662665
184,2007LAC,-0.0022220589738222107,-0.001395843670617275,0.4878048780487805,78.8,3.03,2007,-0.0018089513222197427
185,2007LAL,0.0015075069009532096,-0.0010813941111899315,0.5121951219512195,79.8,2.93,2007,0.0002130563948816391
186,2007MEM,0.0007568369999525265,0.0026023608876049324,0.2682926829268293,78.9,4.27,2007,0.0016795989437787295
187,2007MIA,0.0017366191989300348,-0.00036337513570568967,0.5365853658536586,79.9,3.29,2007,0.0006866220316121725
188,2007MIL,-0.0021099810901013616,0.005081252494716878,0.34146341463414637,78.0,5.3,2007,0.0014856357023077583
189,2007MIN,-0.0007830010077766597,-0.0014096987073973501,0.3902439024390244,79.2,3.03,2007,-0.0010963498575870048
190,2007NJN,0.0011311263067638312,0.0007226923422253712,0.5,79.7,3.63,2007,0.0009269093244946012
191,2007NOK,-0.0017133371662838032,0.0025240611342650155,0.47560975609756095,78.5,3.92,2007,0.00040536198399060614
192,2007NYK,3.756436066975585e-05,0.004484670796994724,0.4024390243902439,79.0,4.63,2007,0.00226111757883224
193,2007ORL,0.0007419383771747695,0.00290861063387736,0.4878048780487805,79.4,3.94,2007,0.0018252745055260648
194,2007PHI,-0.001181528229556579,0.0008014500092411226,0.4268292682926829,78.9,3.61,2007,-0.00019003911015772824
195,2007PHO,-0.0013240986442176461,-0.0012085217802688083,0.7439024390243902,78.8,2.69,2007,-0.0012663102122432272
196,2007POR,-0.00017193549246754546,-0.0006100446525327713,0.3902439024390244,79.3,2.99,2007,-0.0003909900725001584
197,2007SAC,-0.0009200059368606356,-0.00215460311961041,0.4024390243902439,79.0,2.8,2007,-0.0015373045282355228
198,2007SAS,0.001706807739834505,-0.0006806334516732737,0.7073170731707317,79.9,3.17,2007,0.0005130871440806157
199,2007SEA,-0.0013092944569175924,0.004324520721524925,0.3780487804878049,78.6,4.37,2007,0.0015076131323036664
200,2007TOR,0.0010250612350542864,0.0013836744117405905,0.573170731707317,79.6,3.81,2007,0.0012043678233974384
201,2007UTA,0.0011097252542174548,-0.0006506194318167774,0.6219512195121951,79.6,3.05,2007,0.0002295529112003387
202,2007WAS,0.0009493973366850303,-0.0018835036132522581,0.5,79.8,2.72,2007,-0.00046705313828361393
203,2008ATL,-0.0009415872015728701,3.542210979301713e-05,0.45121951219512196,78.9,3.07,2008,-0.00045308254588992647
204,2008BOS,-0.000790010993649749,0.0008974563172839292,0.8048780487804879,78.9,3.35,2008,5.372266181709009e-05
205,2008CHI,0.000626324622417282,6.918477158314146e-05,0.4024390243902439,79.4,3.14,2008,0.00034775469700021176
206,2008CLE,0.0006313327723675732,0.00030294752648330836,0.5487804878048781,79.7,3.89,2008,0.0004671401494254408
207,2008DAL,0.0003779468693048841,-0.00023653076456065373,0.6219512195121951,79.6,3.45,2008,7.070805237211518e-05
208,2008DEN,-0.002497557375580766,0.002548786452179948,0.6097560975609756,78.1,3.9,2008,2.5614538299590858e-05
209,2008DET,0.0006401876824667261,-0.0029883139634783334,0.7195121951219512,79.6,2.3,2008,-0.0011740631405058035
210,2008GSW,0.0009318164507369207,-0.0014173829977138686,0.5853658536585366,79.6,2.66,2008,-0.00024278327348847394
211,2008HOU,-0.0015116762377252657,0.002136262985479165,0.6707317073170732,79.2,4.52,2008,0.00031229337387694974
212,2008IND,0.0027616661746981937,0.00026731630463515274,0.43902439024390244,80.1,3.32,2008,0.0015144912396666732
213,2008LAC,-0.0031250557600491407,0.0034372694518158727,0.2804878048780488,78.1,4.2,2008,0.000156106845883366
214,2008LAL,0.0034473632823136128,0.001157012047576185,0.6951219512195121,80.3,3.66,2008,0.002302187664944899
215,2008MEM,-0.00232639175622463,0.006217561812773747,0.2682926829268293,78.1,4.82,2008,0.0019455850282745584
216,2008MIA,-0.0007530913741202529,0.000872333439152724,0.18292682926829268,79.2,3.74,2008,5.962103251623557e-05
217,2008MIL,0.0009049611476479153,0.001203986938790225,0.3170731707317073,79.6,3.73,2008,0.0010544740432190702
218,2008MIN,-0.0012019642505094266,-0.0012471699722283864,0.2682926829268293,78.8,2.83,2008,-0.0012245671113689065
219,2008NJN,0.000715895159145622,-0.0008218530077863831,0.4146341463414634,79.6,2.98,2008,-5.2978924320380564e-05
220,2008NOH,0.000778017888918466,0.003545818481579661,0.6829268292682927,79.1,4.18,2008,0.0021619181852490636
221,2008NYK,-0.00039005441072589815,0.0029170079297790702,0.2804878048780488,78.8,4.29,2008,0.001263476759526586
222,2008ORL,-0.0007846471184971207,0.0024404765691470928,0.6341463414634146,78.9,3.67,2008,0.000827914725324986
223,2008PHI,-0.000108125260928745,-0.0010008416113067781,0.4878048780487805,79.3,3.06,2008,-0.0005544834361177615
224,2008PHO,0.0008727309396000353,-0.0015081552007537996,0.6707317073170732,79.7,2.96,2008,-0.00031771213057688215
225,2008POR,0.0019147636204591193,0.0004621502809460863,0.5,80.0,3.58,2008,0.0011884569507026029
226,2008SAC,0.0004791359961218681,0.0005568047827987408,0.4634146341463415,79.5,3.69,2008,0.0005179703894603045
227,2008SAS,0.000847173767980043,0.00012761269608968677,0.6829268292682927,79.5,3.26,2008,0.0004873932320348649
228,2008SEA,0.0029506513987456037,0.0009389606982915343,0.24390243902439024,80.1,3.5,2008,0.001944806048518569
229,2008TOR,0.0024952225106011287,0.0011389393733946106,0.5,80.0,3.69,2008,0.0018170809419978697
230,2008UTA,0.0022352028928587547,-0.00327598336142768,0.6585365853658537,80.2,2.28,2008,-0.0005203902342844626
231,2008WAS,0.002770094309863248,-0.0022644311172063908,0.524390243902439,80.3,2.52,2008,0.0002528315963284287
232,2009ATL,-2.8414733183064265e-05,0.00011987695595758053,0.573170731707317,79.2,3.13,2009,4.573111138725813e-05
233,2009BOS,-0.00035395643713014425,0.0011644647614941991,0.7560975609756098,79.0,3.41,2009,0.00040525416218202743
234,2009CHI,-0.0002048863546266113,-0.0011349865323302157,0.5,79.3,2.79,2009,-0.0006699364434784135
235,2009CLE,0.0021590224379385158,0.0014818713802916144,0.8048780487804879,80.0,4.01,2009,0.0018204469091150652
236,2009DAL,8.263099905902987e-05,0.0019458618430191383,0.6097560975609756,79.0,3.96,2009,0.0010142464210390841
237,2009DEN,-0.0016838517618093787,0.0016002714000497192,0.6585365853658537,78.6,3.53,2009,-4.179018087982977e-05
238,2009DET,0.0015773780395486694,-0.00020195177217221602,0.47560975609756095,79.7,3.19,2009,0.0006877131336882267
239,2009GSW,-0.0011938521548744486,-0.0015723705024500878,0.35365853658536583,79.0,2.94,2009,-0.0013831113286622682
240,2009HOU,0.0003244988097540629,0.0007810132633266971,0.6463414634146342,79.6,4.35,2009,0.00055275603654038
241,2009IND,0.0014841005320070696,0.004582564335339771,0.43902439024390244,79.8,4.61,2009,0.0030333324336734202
242,2009LAC,0.0036518785697751016,-1.914441290374914e-05,0.23170731707317074,80.5,3.26,2009,0.0018163670784356763
243,2009LAL,0.002491747037826552,0.0008618486826739167,0.7926829268292683,80.0,3.53,2009,0.0016767978602502344
244,2009MEM,-0.0004779820408921556,0.0025605737374856555,0.2926829268292683,78.9,3.98,2009,0.00104129584829675
245,2009MIA,-0.0012015661131958685,-0.0007009453466889061,0.524390243902439,78.9,2.91,2009,-0.0009512557299423874
246,2009MIL,0.001900149463273331,0.0009632155551446235,0.4146341463414634,80.0,3.72,2009,0.0014316825092089772
247,2009MIN,-0.0010753160088142065,-0.0017059947816312757,0.2926829268292683,78.8,2.72,2009,-0.001390655395222741
248,2009NJN,0.0017659945928220787,-0.0008326199343182592,0.4146341463414634,80.0,3.29,2009,0.0004666873292519097
249,2009NOH,0.002983545070397312,0.0005955385728948542,0.5975609756097561,80.1,3.5,2009,0.0017895418216460832
250,2009NYK,-0.0010869993809096668,0.002371608129408555,0.3902439024390244,78.5,4.05,2009,0.000642304374249444
251,2009OKC,0.0022369254010117076,-0.0003158516972613786,0.2804878048780488,80.0,3.23,2009,0.0009605368518751645
252,2009ORL,0.00037543508625522434,0.0022047271673319305,0.7195121951219512,79.4,3.81,2009,0.0012900811267935774
253,2009PHI,-0.001279563255143132,-0.00029075341404431005,0.5,78.9,3.07,2009,-0.000785158334593721
254,2009PHO,-0.0007547604675000696,-0.0012374990021793446,0.5609756097560976,79.3,3.09,2009,-0.000996129734839707
255,2009POR,0.004451950402982078,-0.0005154030702506544,0.6585365853658537,80.8,3.52,2009,0.0019682736663657117
256,2009SAC,0.0028165896872413606,-1.2417775725858902e-05,0.2073170731707317,80.3,3.6,2009,0.001402085955757751
257,2009SAS,-0.0005906248925264049,-0.002433517102321513,0.6585365853658537,79.2,2.61,2009,-0.0015120709974239589
258,2009TOR,0.002748422640917333,-0.0022645224176321608,0.4024390243902439,80.3,2.71,2009,0.00024195011164258613
259,2009UTA,-0.00045852395031349577,-0.0005686380022647918,0.5853658536585366,78.9,3.44,2009,-0.0005135809762891437
260,2009WAS,0.0023739214521920284,-0.0014869747077807672,0.23170731707317074,80.1,2.87,2009,0.0004434733722056306
261,2010ATL,0.00028280905209096633,-0.000261103175774249,0.6463414634146342,79.3,3.06,2010,1.0852938158358667e-05
262,2010BOS,-0.0005733025917520258,0.0014749732352012251,0.6097560975609756,79.0,3.58,2010,0.00045083532172459967
263,2010CHI,0.0012552415625977419,0.00026867818752195776,0.5,79.6,3.24,2010,0.0007619598750598499
264,2010CLE,0.0028629226812662556,0.0024093403339699162,0.7439024390243902,80.3,4.35,2010,0.002636131507618086
265,2010DAL,-0.001989560722691302,0.004671994338754799,0.6707317073170732,78.3,4.47,2010,0.0013412168080317486
266,2010DEN,-0.0026088934707216246,0.0020211679701768,0.6463414634146342,78.3,3.68,2010,-0.0002938627502724123
267,2010DET,0.001509277925767346,0.0008387236946734587,0.32926829268292684,79.6,3.45,2010,0.0011740008102204024
268,2010GSW,-0.0013697592259299784,0.0003790843554449111,0.3170731707317073,78.9,3.32,2010,-0.0004953374352425336
269,2010HOU,2.7889675065502037e-05,0.0007222526788601407,0.5121951219512195,79.0,3.5,2010,0.00037507117696282134
270,2010IND,-0.002037950136932851,0.0037600037589259963,0.3902439024390244,78.6,4.39,2010,0.0008610268109965726
271,2010LAC,0.0021286695337201984,0.00025512668011579614,0.35365853658536583,80.0,3.35,2010,0.0011918981069179973
272,2010LAL,0.0007233532026463197,0.0011852484421534836,0.6951219512195121,79.5,3.66,2010,0.0009543008223999016
273,2010MEM,-0.0014106833712900738,0.001288716629350048,0.4878048780487805,79.1,4.13,2010,-6.098337097001287e-05
274,2010MIA,-0.0014984341643990273,0.000582005682640065,0.573170731707317,78.7,3.28,2010,-0.0004582142408794811
275,2010MIL,-0.00010677919058074529,0.0009546267969099884,0.5609756097560976,79.1,3.38,2010,0.00042392380316462155
276,2010MIN,2.7888317495318534e-06,0.0004967487433964759,0.18292682926829268,79.2,3.38,2010,0.00024976878757300387
277,2010NJN,0.0001245596917792269,-0.0013794412105830175,0.14634146341463414,79.6,3.33,2010,-0.0006274407594018953
278,2010NOH,-0.00045909927959445374,0.0022241069733981178,0.45121951219512196,78.8,3.66,2010,0.0008825038469018321
279,2010NYK,-0.0016570519404831743,0.004121997753569712,0.35365853658536583,78.3,4.31,2010,0.001232472906543269
280,2010OKC,0.003351357955249367,-0.0010236898170555312,0.6097560975609756,80.4,3.05,2010,0.001163834069096918
281,2010ORL,-0.0009126277894421749,0.0022085637277138473,0.7195121951219512,78.8,3.69,2010,0.0006479679691358362
282,2010PHI,0.0002469792918468361,-0.0013760070004268318,0.32926829268292684,79.4,2.74,2010,-0.0005645138542899979
283,2010PHO,0.001409143950119523,-0.00017141831316749067,0.6585365853658537,79.9,3.41,2010,0.0006188628184760162
284,2010POR,-0.0015602402465104412,-0.001925439760317456,0.6097560975609756,78.9,2.62,2010,-0.0017428400034139487
285,2010SAC,0.0041884985270518585,-0.002061925736274592,0.3048780487804878,80.7,2.82,2010,0.0010632863953886332
286,2010SAS,-0.0010014849975156506,-0.0023121554908532606,0.6097560975609756,79.1,2.65,2010,-0.0016568202441844555
287,2010TOR,0.0009315377157277768,-0.0009857678829286733,0.4878048780487805,79.7,3.03,2010,-2.711508360044826e-05
288,2010UTA,-0.0005860128496411434,-0.002167879493355186,0.6463414634146342,79.1,2.62,2010,-0.0013769461714981646
289,2010WAS,0.002704344179770373,0.002928963947193297,0.3170731707317073,79.2,5.33,2010,0.0028166540634818353
290,2011ATL,-0.0018666109742077911,-0.0008161020261520552,0.5365853658536586,78.7,2.96,2011,-0.0013413565001799232
291,2011BOS,-0.001071759320174546,0.00270009853890502,0.6829268292682927,78.7,4.42,2011,0.0008141696093652371
292,2011CHI,0.0019183930726113783,-0.0006148828098648436,0.7560975609756098,79.9,3.1,2011,0.0006517551313732674
293,2011CLE,-0.0011493623096696809,0.0011972504739732922,0.23170731707317074,78.9,3.58,2011,2.3944082151805676e-05
294,2011DAL,-0.00014642771045529298,0.003125377048884289,0.6951219512195121,79.2,4.41,2011,0.001489474669214498
295,2011DEN,-0.0029545068333926387,0.0017740304733086438,0.6097560975609756,78.2,3.58,2011,-0.0005902381800419975
296,2011DET,0.0021177604398590643,0.001095807200831769,0.36585365853658536,79.8,3.55,2011,0.0016067838203454167
297,2011GSW,0.0013707575592642432,0.00023875701142231977,0.43902439024390244,79.7,3.22,2011,0.0008047572853432815
298,2011HOU,0.0010390568635553514,-0.0012056025699136552,0.524390243902439,79.6,2.91,2011,-8.32728531791519e-05
299,2011IND,0.005184637936223556,-0.0001131609574818938,0.45121951219512196,80.9,3.44,2011,0.0025357384893708312
300,2011LAC,-0.0024387571942960547,0.0019574240391484793,0.3902439024390244,78.4,3.83,2011,-0.00024066657757378768
301,2011LAL,0.0004831997603526775,0.00032728204681758705,0.6951219512195121,79.5,3.49,2011,0.00040524090358513224
302,2011MEM,-0.00035092740964438917,-0.0009111683056009516,0.5609756097560976,79.1,2.97,2011,-0.0006310478576226704
303,2011MIA,0.0014629578486396607,0.00352435185461418,0.7073170731707317,79.7,4.47,2011,0.0024936548516269206
304,2011MIL,-0.0016891280550359686,0.004550635488067518,0.4268292682926829,78.1,5.26,2011,0.0014307537165157745
305,2011MIN,0.0026907624838620613,-0.001600479394001237,0.2073170731707317,80.2,2.83,2011,0.0005451415449304122
306,2011NJN,0.002008447927737794,-0.0003598766446129472,0.2926829268292683,80.0,3.41,2011,0.0008242856415624235
307,2011NOH,-0.0018187579821342633,0.0003831561251729938,0.5609756097560976,78.7,3.46,2011,-0.0007178009284806347
308,2011NYK,0.0013333820782101048,3.5540605614757726e-05,0.5121951219512195,79.5,3.07,2011,0.0006844613419124312
309,2011OKC,0.0017038218701288192,-0.0010387844234837939,0.6707317073170732,80.0,3.14,2011,0.00033251872332251263
310,2011ORL,2.217377437711661e-05,0.0007194078523243273,0.6341463414634146,79.1,3.26,2011,0.0003707908133507219
311,2011PHI,-0.0002744444759727063,-0.0014858763852192325,0.5,79.4,3.08,2011,-0.0008801604305959694
312,2011PHO,0.004004330603603066,-0.0018309319285479634,0.4878048780487805,80.7,2.96,2011,0.0010866993375275515
313,2011POR,-0.00042511737967209273,-0.0016330671090220422,0.5853658536585366,79.2,2.83,2011,-0.0010290922443470674
314,2011SAC,0.004263705422996972,-0.0017056094862594412,0.2926829268292683,80.6,2.81,2011,0.0012790479683687656
315,2011SAS,0.0008992034583823782,-0.0008196500139290241,0.7439024390243902,79.6,2.98,2011,3.977672222667706e-05
316,2011TOR,-0.0005493990079045759,-0.0010595625326744048,0.2682926829268293,79.2,2.9,2011,-0.0008044807702894904
317,2011UTA,-0.0018864973898024637,0.0005249500712548357,0.47560975609756095,78.7,3.37,2011,-0.000680773659273814
318,2011WAS,0.0032516645071581827,-0.0006381048850111196,0.2804878048780488,80.4,3.21,2011,0.0013067798110735316
319,2012ATL,0.001004451616731094,-0.0020218526113655504,0.6060606060606061,79.7,2.56,2012,-0.0005087004973172281
320,2012BOS,-0.0015348741369155224,-1.0954397443325574e-05,0.5909090909090909,78.8,3.2,2012,-0.000772914267179424
321,2012CHI,0.0009048783894006848,0.002768209421064378,0.7575757575757576,79.3,3.97,2012,0.0018365439052325315
322,2012CLE,-0.0003632393329728031,0.00018353042053156476,0.3181818181818182,79.1,3.14,2012,-8.985445622061917e-05
323,2012DAL,-0.00012530320554036178,0.002640889870746838,0.5454545454545454,79.3,4.09,2012,0.001257793332603238
324,2012DEN,0.004193830816009346,0.002368461428259632,0.5757575757575758,80.4,4.13,2012,0.0032811461221344887
325,2012DET,0.0017358234520958012,-0.0003984503797366651,0.3787878787878788,79.8,3.07,2012,0.000668686536179568
326,2012GSW,-0.0007601630198682453,0.0024686576370313656,0.3484848484848485,78.7,4.09,2012,0.0008542473085815601
327,2012HOU,0.0013995942581551779,-0.00012513192928500055,0.5151515151515151,79.6,3.21,2012,0.0006372311644350886
328,2012IND,0.0009397098217614328,0.0016651377892339448,0.6363636363636364,79.5,3.87,2012,0.0013024238054976888
329,2012LAC,-0.002282467460083571,0.0017564924697729084,0.6060606060606061,78.4,3.51,2012,-0.00026298749515533124
330,2012LAL,0.0011449612796827595,0.0013599198164037437,0.6212121212121212,79.7,3.79,2012,0.0012524405480432515
331,2012MEM,-0.0007722256973788361,0.0010525221904021597,0.6212121212121212,78.9,3.38,2012,0.00014014824651166182
332,2012MIA,0.00028029467377408844,-0.0006850949161179151,0.696969696969697,79.4,2.95,2012,-0.0002024001211719133
333,2012MIL,0.0001165781357147729,0.0004102144805762202,0.4696969696969697,79.2,3.2,2012,0.00026339630814549653
334,2012MIN,-0.002947524391380097,0.002153285614999373,0.3939393939393939,78.1,3.77,2012,-0.00039711938819036205
335,2012NJN,-0.0032724154349051725,-0.00022701852763341984,0.3333333333333333,78.3,3.28,2012,-0.0017497169812692962
336,2012NOH,0.0047054944812151755,-0.001887829539415596,0.3181818181818182,80.8,2.79,2012,0.0014088324708997897
337,2012NYK,0.0014158373914306566,-0.00046990463387969943,0.5454545454545454,79.8,3.23,2012,0.0004729663787754786
338,2012OKC,0.0015607435576263104,-0.000836937737124036,0.7121212121212122,79.9,3.17,2012,0.0003619029102511372
339,2012ORL,-0.00033727174364503703,0.0026546323361424907,0.5606060606060606,78.9,3.67,2012,0.0011586802962487268
340,2012PHI,0.0006013377929968499,-0.0009757435245909614,0.5303030303030303,79.6,3.14,2012,-0.00018720286579705577
341,2012PHO,0.001210879916143525,0.001747088072620324,0.5,79.7,3.97,2012,0.0014789839943819246
342,2012POR,0.0004047753672065667,0.0005869991210517215,0.42424242424242425,79.3,3.31,2012,0.0004958872441291442
343,2012SAC,-0.0011503483580309968,0.002105223365038792,0.3333333333333333,78.6,4.11,2012,0.0004774375035038976
344,2012SAS,0.0008110118413327818,-0.002109724132503181,0.7575757575757576,79.6,2.77,2012,-0.0006493561455851996
345,2012TOR,0.002301729769348844,-0.0012654383332143036,0.3484848484848485,80.1,2.97,2012,0.0005181457180672702
346,2012UTA,-0.00039055302999276763,-0.0016312048504820787,0.5454545454545454,79.1,2.73,2012,-0.001010878940237423
347,2012WAS,0.0003071509663758908,-0.0006903604859122143,0.30303030303030304,79.5,3.03,2012,-0.00019160475976816177
348,2013ATL,-0.000819143212395871,-0.0006199676569873602,0.5365853658536586,79.0,2.91,2013,-0.0007195554346916156
349,2013BOS,-0.0008949095212667836,0.0008876581598007249,0.5061728395061729,78.9,3.29,2013,-3.6256807330293465e-06
350,2013BRK,0.00022579888183931753,-0.0008924588447006053,0.5975609756097561,79.5,3.26,2013,-0.0003333299814306439
351,2013CHI,0.0011697105469852004,0.0006075227914061698,0.5487804878048781,79.2,3.87,2013,0.000888616669195685
352,2013CLE,-0.0021806663366094655,7.332742794259939e-05,0.2926829268292683,78.7,3.4,2013,-0.001053669454333433
353,2013DAL,0.0005089817226274023,0.0014177668277374007,0.5,79.4,3.78,2013,0.0009633742751824015
354,2013DEN,0.0022636418550299265,0.0014291680158521037,0.6951219512195121,79.8,3.82,2013,0.001846404935441015
355,2013DET,0.0002307530599282369,0.002613003388103328,0.35365853658536583,79.2,3.82,2013,0.0014218782240157826
356,2013GSW,0.0012510341549849934,-0.000544255268192208,0.573170731707317,79.7,3.09,2013,0.0003533894433963927
357,2013HOU,-0.0010071102745148825,0.0004067316025255217,0.5487804878048781,79.0,3.29,2013,-0.0003001893359946804
358,2013IND,0.0014882263899355789,0.00047684979338373724,0.6049382716049383,79.7,3.87,2013,0.000982538091659658
359,2013LAC,-0.0005920552109210293,0.0018753698160717933,0.6829268292682927,78.9,3.64,2013,0.000641657302575382
360,2013LAL,-0.0008561524784323644,0.00085645814439391,0.5487804878048781,79.0,3.5,2013,1.5283298077279923e-07
361,2013MEM,-0.0006372004681126197,0.0006027407112380897,0.6829268292682927,78.9,3.29,2013,-1.7229878437264993e-05
362,2013MIA,-0.00027971169714478686,-0.00012275727271457673,0.8048780487804879,79.2,3.07,2013,-0.0002012344849296818
363,2013MIL,0.0006958805500402882,0.0005930662292953962,0.4634146341463415,79.4,3.27,2013,0.0006444733896678423
364,2013MIN,-0.0002841398943587646,0.003130773582490003,0.3780487804878049,78.8,4.08,2013,0.0014233168440656193
365,2013NOH,0.0006905352982610444,0.0010477771278022358,0.32926829268292684,79.6,3.75,2013,0.0008691562130316401
366,2013NYK,9.928873818492413e-05,0.0006989499120166781,0.6585365853658537,79.4,3.59,2013,0.0003991193251008011
367,2013OKC,0.002949282002489369,0.0006863822786286988,0.7317073170731707,80.4,3.96,2013,0.001817832140559034
368,2013ORL,-0.0012710778224816106,0.0005565213524367616,0.24390243902439024,78.7,3.12,2013,-0.0003572782350224245
369,2013PHI,0.00020754983832410847,-0.00311836134170512,0.4146341463414634,79.6,2.7,2013,-0.0014554057516905057
370,2013PHO,0.0019658045015869415,-0.0019278494463962107,0.3048780487804878,80.0,2.54,2013,1.897752759536539e-05
371,2013POR,0.0015354425407418234,-0.0003244564834469504,0.4024390243902439,79.8,3.2,2013,0.0006054930286474366
372,2013SAC,-0.005144276061235156,0.0032143787371080867,0.34146341463414637,77.5,4.12,2013,-0.0009649486620635348
373,2013SAS,0.0003709318766015665,-0.0015332420732324327,0.7073170731707317,79.5,2.86,2013,-0.0005811550983154331
374,2013TOR,0.0008788780970235449,0.0004456557730187072,0.4146341463414634,79.5,3.44,2013,0.0006622669350211261
375,2013UTA,-0.0006169329010848027,-0.0006508854007298982,0.524390243902439,79.0,2.87,2013,-0.0006339091509073504
376,2013WAS,-0.0017590783349743727,-0.001108778205006333,0.35365853658536583,78.8,2.97,2013,-0.0014339282699903529
377,2014ATL,-0.0011987580491917124,-0.0013451036628517182,0.4634146341463415,78.9,2.8,2014,-0.0012719308560217154
378,2014BOS,-0.0019377124542346296,0.0026203666937427315,0.3048780487804878,78.4,3.73,2014,0.00034132711975405096
379,2014BRK,0.0036070365010043982,-0.0025642334221283557,0.5365853658536586,80.5,2.37,2014,0.0005214015394380213
380,2014CHI,0.0023568495054239677,-0.0001262114617999136,0.5853658536585366,79.8,3.38,2014,0.001115319021812027
381,2014CLE,-0.0012066025999750867,7.038762373293512e-05,0.4024390243902439,78.9,3.47,2014,-0.0005681074881210758
382,2014DAL,-0.00037959121588751,-0.000738817045175105,0.5975609756097561,79.3,3.16,2014,-0.0005592041305313075
383,2014DEN,-0.0032087947999336064,0.005872993130837573,0.43902439024390244,77.8,4.9,2014,0.0013320991654519835
384,2014DET,-0.0008622224483701217,0.00296637462499631,0.35365853658536583,78.8,3.87,2014,0.0010520760883130941
385,2014GSW,0.0014014743195238013,-0.0008492738613284646,0.6219512195121951,79.8,3.07,2014,0.00027610022909766834
386,2014HOU,0.0031232275948957313,-0.00016828742991072506,0.6585365853658537,80.3,3.31,2014,0.001477470082492503
387,2014IND,0.0029517717428331866,-0.0012241091149653195,0.6829268292682927,80.3,3.28,2014,0.0008638313139339336
388,2014LAC,-0.0033350279038665766,0.002352299299091246,0.6951219512195121,78.2,3.95,2014,-0.0004913643023876652
389,2014LAL,0.0009158575709252354,0.0004609625228439496,0.32926829268292684,79.7,3.66,2014,0.0006884100468845925
390,2014MEM,0.0019364290899691063,0.0002791612241906062,0.6097560975609756,79.8,3.41,2014,0.0011077951570798562
391,2014MIA,0.0008337353851137082,0.0005382924538702194,0.6585365853658537,79.5,3.26,2014,0.0006860139194919638
392,2014MIL,-1.017730757060727e-05,-0.00043718158794061804,0.18292682926829268,79.3,3.06,2014,-0.00022367944775561265
393,2014MIN,0.0007480221623361663,0.001174986145736728,0.4878048780487805,79.2,3.72,2014,0.0009615041540364472
394,2014NOP,-0.002274826982243936,-0.0006685755650780808,0.4146341463414634,78.6,3.11,2014,-0.0014717012736610085
395,2014NYK,0.000429627724064057,0.0002997889504672478,0.45121951219512196,79.5,3.52,2014,0.0003647083372656524
396,2014OKC,0.0007955611051305071,0.0018371897840414387,0.7195121951219512,79.6,3.75,2014,0.001316375444585973
397,2014ORL,-0.0008012157776545165,0.0008506299171085775,0.2804878048780488,78.8,3.2,2014,2.4707069727030525e-05
398,2014PHI,0.0012575121499898297,-0.0034010825151318336,0.23170731707317074,80.1,2.42,2014,-0.001071785182571002
399,2014PHO,-0.002009884031867639,0.0015599316735504622,0.5853658536585366,78.6,3.75,2014,-0.00022497617915858846
400,2014POR,0.001419260421362913,0.0025073663252819403,0.6585365853658537,79.7,3.94,2014,0.0019633133733224267
401,2014SAC,-0.001351090349982603,0.0021993947988782295,0.34146341463414637,78.5,4.02,2014,0.0004241522244478133
402,2014SAS,-0.00035584076123283746,-0.0006982858173468579,0.7560975609756098,79.2,3.03,2014,-0.0005270632892898476
403,2014TOR,0.0005646781206195183,-0.001554263759989747,0.5853658536585366,79.5,2.79,2014,-0.0004947928196851145
404,2014UTA,-0.0016581469599143094,0.0015606870151523692,0.3048780487804878,78.4,3.59,2014,-4.872997238097008e-05
405,2014WAS,0.002163587905057373,-0.0018469531702327202,0.5365853658536586,80.0,2.62,2014,0.00015831736741232642
406,2015ATL,-0.002045911954853597,-0.0018082909958012162,0.7317073170731707,78.6,2.74,2015,-0.0019271014753274064
407,2015BOS,-0.00022505129409982334,0.000571858642624064,0.4878048780487805,79.2,3.41,2015,0.0001734036742621203
408,2015BRK,0.0026549132965224885,-0.001014909413338958,0.4634146341463415,80.2,3.07,2015,0.0008200019415917653
409,2015CHI,0.0013601445494761516,0.001394718484587612,0.6097560975609756,79.6,3.65,2015,0.0013774315170318819
410,2015CLE,-0.0013989279561317498,-0.000680886469844425,0.6463414634146342,79.0,3.23,2015,-0.0010399072129880873
411,2015DAL,4.438545450892798e-05,0.005490417337689015,0.6097560975609756,78.9,4.65,2015,0.0027674013960989714
412,2015DEN,0.0035325240640374355,0.001224614217664327,0.36585365853658536,80.2,3.9,2015,0.0023785691408508814
413,2015DET,-0.0006767218272145647,0.0023506984325371905,0.3902439024390244,78.8,3.82,2015,0.000836988302661313
414,2015GSW,-0.0002705272807367645,-0.001340501737950302,0.8170731707317073,79.3,2.93,2015,-0.0008055145093435333
415,2015HOU,0.00198305049283737,-0.00028900464208285215,0.6829268292682927,79.9,3.17,2015,0.0008470229253772589
416,2015IND,0.0021508146517372827,-0.0007414567101760141,0.4634146341463415,80.1,3.44,2015,0.0007046789707806343
417,2015LAC,0.0011645446460171217,0.0016850048884245504,0.6829268292682927,79.6,3.83,2015,0.001424774767220836
418,2015LAL,0.0017766369360948265,-0.00022635931879560415,0.25609756097560976,79.9,3.14,2015,0.0007751388086496111
419,2015MEM,0.00025561441348933374,0.001392252661892098,0.6707317073170732,79.3,3.66,2015,0.000823933537690716
420,2015MIA,9.467122276659716e-05,0.0008996358575869151,0.45121951219512196,79.3,3.52,2015,0.0004971535401767562
421,2015MIL,-0.00011714658839819306,-0.0008756108008670367,0.5,79.3,2.99,2015,-0.0004963786946326149
422,2015MIN,-0.0003813781090727615,-0.0007647645068135743,0.1951219512195122,79.1,3.01,2015,-0.0005730713079431679
423,2015NOP,0.004303935701924015,-0.0014510893087803511,0.5487804878048781,80.7,3.22,2015,0.0014264231965718317
424,2015NYK,-0.0008575983654530727,0.003131760731854791,0.2073170731707317,78.8,4.08,2015,0.0011370811832008593
425,2015OKC,0.0016717809943869394,0.00041893808894680597,0.5487804878048781,79.9,3.44,2015,0.0010453595416668726
426,2015ORL,0.0003557481537481398,0.0005038140743376057,0.3048780487804878,79.5,3.49,2015,0.00042978111404287276
427,2015PHI,0.0008972678762270677,-0.005247942345005846,0.21951219512195122,79.9,1.56,2015,-0.0021753372343893893
428,2015PHO,-0.0001737242961304786,0.003907304879247319,0.47560975609756095,78.8,4.47,2015,0.0018667902915584203
429,2015POR,0.0009411179015360727,0.0012974276492544394,0.6219512195121951,79.9,4.08,2015,0.001119272775395256
430,2015SAC,0.00026413003045606877,0.0011323454701462142,0.35365853658536583,79.2,3.41,2015,0.0006982377503011415
431,2015SAS,-0.0003459697386421447,-0.0007176390428981934,0.6707317073170732,79.2,3.0,2015,-0.000531804390770169
432,2015TOR,-0.0010107591753892643,-0.00019554521068686011,0.5975609756097561,78.9,3.14,2015,-0.0006031521930380622
433,2015UTA,0.0018415930202144654,-0.0009768602340086989,0.4634146341463415,79.9,3.23,2015,0.00043236639310288325
434,2015WAS,0.003538828531145303,-0.0019441917965539015,0.5609756097560976,80.4,2.59,2015,0.0007973183672957008
435,2016ATL,-0.0027274738084953655,-0.001928974628572372,0.5853658536585366,78.4,2.59,2016,-0.002328224218533869
436,2016BOS,0.0007255345563620751,0.003115947299218096,0.5853658536585366,79.1,4.36,2016,0.0019207409277900856
437,2016BRK,-0.0034782146666039546,0.0008880073987826249,0.25609756097560976,78.2,3.87,2016,-0.001295103633910665
438,2016CHI,-0.00033817617019158243,0.001212264458818069,0.5121951219512195,79.1,3.58,2016,0.0004370441443132433
439,2016CLE,-0.00037921783538918464,-0.0016814151826026744,0.6951219512195121,79.3,3.03,2016,-0.0010303165089959295
440,2016DAL,-0.0004944334113151107,0.005888873441114034,0.5121951219512195,78.8,4.67,2016,0.002697220014899462
441,2016DEN,-0.0004572955541182329,0.001367113907843262,0.4024390243902439,79.0,3.61,2016,0.0004549091768625146
442,2016DET,0.0006459648905316163,-0.0012407851438688143,0.5365853658536586,79.5,2.79,2016,-0.000297410126668599
443,2016GSW,-0.0012344080199026023,-0.0023913397642521023,0.8902439024390244,79.0,2.84,2016,-0.0018128738920773523
444,2016HOU,-0.0022160859906829545,0.0028117867815891247,0.5,78.3,3.74,2016,0.0002978503954530851
445,2016IND,0.0013924870822126928,-0.0014749473499555334,0.5487804878048781,79.8,2.76,2016,-4.123013387142031e-05
446,2016LAC,-0.003512552564705409,-0.00035705489136454125,0.6463414634146342,78.2,3.13,2016,-0.001934803728034975
447,2016LAL,-0.002233288281187715,-0.0009978264412546449,0.2073170731707317,78.8,3.52,2016,-0.0016155573612211798
448,2016MEM,-0.002244087192159159,0.00019905601102925252,0.5121951219512195,78.5,3.16,2016,-0.0010225155905649532
449,2016MIA,-0.001048153389607392,-0.0021792241793396495,0.5853658536585366,79.2,2.9,2016,-0.0016136887844735207
450,2016MIL,0.0016400465185225424,-0.002022262288125944,0.4024390243902439,79.9,2.54,2016,-0.0001911078848017008
451,2016MIN,0.0030797158589754344,-0.0017352670473100111,0.35365853658536583,80.3,2.82,2016,0.0006722244058327116
452,2016NOP,0.0002599728930289824,0.0018831075872268743,0.36585365853658536,79.5,4.05,2016,0.0010715402401279283
453,2016NYK,-0.00026429689529111063,3.148602815114891e-05,0.3902439024390244,79.5,3.9,2016,-0.00011640543356998087
454,2016OKC,0.003831069343970077,-0.0014243131947542602,0.6707317073170732,80.5,2.93,2016,0.0012033780746079086
455,2016ORL,0.0033098379251835517,-0.0009670728433295583,0.4268292682926829,80.4,3.01,2016,0.0011713825409269967
456,2016PHI,-0.0014681378449807787,0.002819180449085081,0.12195121951219512,78.4,3.88,2016,0.0006755213020521511
457,2016PHO,-0.001170855352930821,0.0019767238589371125,0.2804878048780488,78.9,3.93,2016,0.00040293425300314575
458,2016POR,0.0009216964476429895,-0.00044243955643398237,0.5365853658536586,79.6,3.11,2016,0.00023962844560450355
459,2016SAC,0.00027115368113430114,0.0033471289099614157,0.4024390243902439,79.2,4.1,2016,0.0018091412955478583
460,2016SAS,0.0011779933049972287,-0.000363270757848549,0.8170731707317073,79.6,3.05,2016,0.0004073612735743398
461,2016TOR,-0.001341272241526549,-0.0005657328302368866,0.6829268292682927,78.8,3.07,2016,-0.0009535025358817179
462,2016UTA,0.0008378810807185475,0.0008883055666694526,0.4878048780487805,79.4,3.65,2016,0.0008630933236940001
463,2016WAS,-0.0021437680290393424,-0.001984283985813872,0.5,78.8,2.9,2016,-0.002064026007426607
464,2017ATL,-0.0028362394488404335,-0.0018356837257140217,0.524390243902439,78.4,2.7,2017,-0.002335961587277228
465,2017BOS,-0.0030168207335804983,0.003838365344131738,0.6463414634146342,78.0,4.25,2017,0.0004107723052756199
466,2017BRK,-0.0011706736971637027,-0.002957589263254765,0.24390243902439024,79.4,3.08,2017,-0.002064131480209234
467,2017CHI,0.0021726294256918586,0.0004667483175435829,0.5,80.0,3.56,2017,0.0013196888716177208
468,2017CLE,0.0004907727069216272,-0.0028446106203778307,0.6219512195121951,79.6,2.55,2017,-0.0011769189567281018
469,2017DAL,-0.0018214801726226257,0.0037793900301092424,0.4024390243902439,78.8,4.47,2017,0.0009789549287433084
470,2017DEN,-0.0016019511296790359,0.00045786147750824844,0.4878048780487805,78.7,3.34,2017,-0.0005720448260853937
471,2017DET,-0.0011558829511831839,0.0017980051924527398,0.45121951219512196,78.8,3.55,2017,0.00032106112063477797
472,2017GSW,0.00028011039576191085,-0.0010821341118150457,0.8170731707317073,79.5,3.22,2017,-0.00040101185802656744
473,2017HOU,0.0017543610436801073,-0.0010599682058649907,0.6707317073170732,79.8,2.87,2017,0.0003471964189075583
474,2017IND,-0.0008673976737581257,0.0007392691228545061,0.5121951219512195,78.9,3.32,2017,-6.406427545180981e-05
475,2017LAC,-0.002803978925120944,0.001899657280202244,0.6219512195121951,78.3,3.6,2017,-0.00045216082245935014
476,2017LAL,0.0010341044611836855,-0.00031178923166016553,0.3170731707317073,79.6,3.27,2017,0.00036115761476176
477,2017MEM,-0.001514778676828135,-0.0009803006204202964,0.524390243902439,78.8,3.0,2017,-0.0012475396486242157
478,2017MIA,-0.002714175522168684,-0.0024585109109765938,0.5,78.6,3.05,2017,-0.002586343216572639
479,2017MIL,0.0007651719364155836,-0.0003331393367416468,0.5121951219512195,79.5,3.03,2017,0.00021601629983696838
480,2017MIN,-0.0019670853433615427,0.0006434370724774767,0.3780487804878049,78.7,3.46,2017,-0.000661824135442033
481,2017NOP,-0.0037998733243522864,0.0017045267212210122,0.4146341463414634,78.0,3.47,2017,-0.001047673301565637
482,2017NYK,0.0024655262220753898,0.0007042417242318563,0.3780487804878049,80.1,3.77,2017,0.001584883973153623
483,2017OKC,0.0010658621857921118,-0.0006590031435664861,0.573170731707317,79.7,3.03,2017,0.00020342952111281287
484,2017ORL,-0.0007767467657823276,0.0017460157910417758,0.35365853658536583,78.8,3.61,2017,0.0004846345126297241
485,2017PHI,0.0004826882526034674,-0.0005262533022614811,0.34146341463414637,79.3,2.96,2017,-2.1782524829006862e-05
486,2017PHO,-0.0023370479783908723,0.003908260935811672,0.2926829268292683,78.4,4.37,2017,0.0007856064787104
487,2017POR,0.002047805318191399,-0.00011521315112354148,0.5,80.0,3.35,2017,0.0009662960835339289
488,2017SAC,0.0003565089439644427,0.0029932853519989595,0.3902439024390244,79.1,4.25,2017,0.0016748971479817012
489,2017SAS,0.0012854412780744506,4.4508623288126835e-05,0.7439024390243902,79.8,3.49,2017,0.0006649749506812887
490,2017TOR,-0.0008801633323999926,0.0019745143736098064,0.6219512195121951,79.0,3.85,2017,0.0005471755206049068
491,2017UTA,0.0009892207149422153,-0.0031477541455360294,0.6219512195121951,79.7,2.68,2017,-0.001079266715296907
492,2017WAS,0.0005926407626918998,0.0007044144513130517,0.5975609756097561,79.4,3.48,2017,0.0006485276070024757
493,2018ATL,-0.0019061109560203576,0.00029334626833692933,0.2926829268292683,78.7,3.43,2018,-0.0008063823438417141
494,2018BOS,-0.001740469839009127,-1.3298258212585188e-05,0.6707317073170732,78.6,2.95,2018,-0.0008768840486108561
495,2018BRK,-0.0008323834604281582,-0.004545087369360018,0.34146341463414637,79.2,2.61,2018,-0.002688735414894088
496,2018CHI,0.0017694516196551271,-0.0003822233307619535,0.32926829268292684,80.1,3.5,2018,0.0006936141444465868
497,2018CLE,-0.001393936045391994,-0.003546305995423913,0.6097560975609756,78.9,2.06,2018,-0.0024701210204079536
498,2018DAL,-0.0009546403451216346,0.007340113756168886,0.2926829268292683,78.7,5.11,2018,0.0031927367055236255
499,2018DEN,-0.0015294084279843408,-0.0021950474210931884,0.5609756097560976,79.0,2.73,2018,-0.0018622279245387647
500,2018DET,-0.0029832993213530063,0.00048320263766499065,0.47560975609756095,78.3,3.22,2018,-0.0012500483418440079
501,2018GSW,0.0013119259893708114,-0.0020731356597740386,0.7073170731707317,79.8,2.65,2018,-0.0003806048352016136
502,2018HOU,-0.000683387553328238,3.525133037379258e-05,0.7926829268292683,79.0,3.2,2018,-0.0003240681114772227
503,2018IND,-0.0022523128616938073,0.0022145297590001984,0.5853658536585366,78.4,3.73,2018,-1.8891551346804413e-05
504,2018LAC,-0.0008157755329801047,-0.0018278393489885604,0.5121951219512195,79.1,2.65,2018,-0.0013218074409843325
505,2018LAL,0.0017194577700755736,-0.0021812087248686825,0.4268292682926829,79.9,2.8,2018,-0.00023087547739655443
506,2018MEM,9.40925957108806e-05,-0.0014780135905939913,0.2682926829268293,79.4,2.95,2018,-0.0006919604974415553
507,2018MIA,-0.0019155522848653143,-0.0017152636612100761,0.5365853658536586,78.9,3.1,2018,-0.0018154079730376953
508,2018MIL,-0.0009604980211041294,0.0006149792200134042,0.5365853658536586,79.0,3.44,2018,-0.0001727594005453626
509,2018MIN,0.0003826777331503558,-6.363474313451555e-05,0.573170731707317,79.4,3.27,2018,0.00015952149500792013
510,2018NOP,-0.003682287084896753,0.0023057469091443813,0.5853658536585366,78.0,3.64,2018,-0.0006882700878761859
511,2018NYK,0.000836127584184,-0.0017573569410929565,0.35365853658536583,79.8,3.16,2018,-0.00046061467845447823
512,2018OKC,-0.0004545938768632507,-0.003341874805997972,0.5853658536585366,79.1,2.5,2018,-0.0018982343414306112
513,2018ORL,-0.0029755622678157346,-0.0003045380749121054,0.3048780487804878,78.2,3.07,2018,-0.0016400501713639201
514,2018PHI,-0.0001678218029190315,0.0007544974759955127,0.6341463414634146,79.2,3.44,2018,0.0002933378365382406
515,2018PHO,0.0020005317288483895,0.0028321533298329067,0.25609756097560976,79.7,4.33,2018,0.002416342529340648
516,2018POR,-0.001372053344980428,0.001701820785751756,0.5975609756097561,78.8,3.69,2018,0.000164883720385664
517,2018SAC,0.000809467031267558,-0.0007667815478240719,0.32926829268292684,79.7,3.25,2018,2.134274172174304e-05
518,2018SAS,0.0010146431261896746,0.00023321331380443937,0.573170731707317,79.6,3.33,2018,0.000623928219997057
519,2018TOR,-0.000102571305787198,0.0019608278616488053,0.7195121951219512,79.1,4.0,2018,0.0009291282779308037
520,2018UTA,0.0014717223264051277,-7.886909692002484e-05,0.5853658536585366,79.8,3.32,2018,0.0006964266147425514
521,2018WAS,0.0010234573919007878,-0.0017133522618729845,0.524390243902439,79.7,2.68,2018,-0.0003449474349860983
522,2019ATL,-0.0013485056086908935,-0.00032502947777690805,0.35365853658536583,79.0,3.44,2019,-0.0008367675432339008
523,2019BOS,-0.0012510289234535746,3.5454174931279785e-05,0.5975609756097561,78.7,2.96,2019,-0.0006077873742611474
524,2019BRK,-0.0012691643875572696,-0.00457438377883013,0.5121951219512195,79.1,2.24,2019,-0.0029217740831937
525,2019CHI,-0.0005973710302423959,-0.0009475336441046834,0.2682926829268293,79.4,3.48,2019,-0.0007724523371735396
526,2019CLE,-0.00011838757773066268,-0.0027497638480312894,0.23170731707317074,79.2,2.28,2019,-0.001434075712880976
527,2019DAL,-0.001322390867099237,0.0002615664912898524,0.4024390243902439,78.9,3.2,2019,-0.0005304121879046923
528,2019DEN,-0.0019956120606681098,-0.0020769176878923253,0.6585365853658537,78.8,2.83,2019,-0.0020362648742802175
529,2019DET,-0.003922146297405183,0.002105285919867363,0.5,78.0,3.72,2019,-0.0009084301887689102
530,2019GSW,-0.0011128946794250383,-0.000646146968559013,0.6951219512195121,78.9,3.04,2019,-0.0008795208239920256
531,2019HOU,-0.004781861883739277,-0.0027144262086073088,0.6463414634146342,77.8,2.57,2019,-0.0037481440461732927
532,2019IND,-0.003058743161566366,0.00046408856456947156,0.5853658536585366,78.3,3.28,2019,-0.0012973272984984471
533,2019LAC,-0.005007969775112745,-0.0024115505635071035,0.5853658536585366,77.9,2.54,2019,-0.003709760169309924
534,2019LAL,0.0011263099333699061,-0.0003983811458568856,0.45121951219512196,79.7,3.31,2019,0.0003639643937565103
535,2019MEM,-0.0002574148027035179,0.00029398577184099815,0.4024390243902439,79.1,3.26,2019,1.8285484568740133e-05
536,2019MIA,-0.0014036710407932867,-0.002390748138094926,0.47560975609756095,79.1,2.94,2019,-0.0018972095894441063
537,2019MIL,-0.001531439398420969,-0.001124903922047834,0.7317073170731707,79.0,3.41,2019,-0.0013281716602344014
538,2019MIN,3.246063921079254e-05,0.0011338134430600424,0.43902439024390244,79.2,3.52,2019,0.0005831370411354175
539,2019NOP,-0.0036333071909261778,-0.002239309198696491,0.4024390243902439,78.3,2.86,2019,-0.0029363081948113345
540,2019NYK,-0.0006547035892667209,-0.0017295781578698878,0.2073170731707317,79.3,2.93,2019,-0.0011921408735683045
541,2019OKC,-0.0010992141068255122,-0.0016891640565095823,0.5975609756097561,79.0,2.8,2019,-0.0013941890816675474
542,2019ORL,-0.0001382047917881476,-0.00045468270046147033,0.5121951219512195,79.2,3.47,2019,-0.00029644374612480893
543,2019PHI,0.0007251323901554542,8.0444284153923e-05,0.6219512195121951,79.5,3.26,2019,0.0004027883371546886
544,2019PHO,0.0012844278297014634,-0.002682675039192499,0.23170731707317074,79.8,2.61,2019,-0.0006991236047455177
545,2019POR,0.0006896502399886866,0.0018512872308427684,0.6463414634146342,79.5,3.82,2019,0.0012704687354157275
546,2019SAC,-0.0007704691439306908,0.0008139565433104736,0.47560975609756095,79.0,3.53,2019,2.174369968989138e-05
547,2019SAS,-0.00011172624796880714,0.0005125157657789114,0.5853658536585366,79.3,3.4,2019,0.00020039475890505212
548,2019TOR,-0.0027048031117909103,0.0018430483509743998,0.7073170731707317,78.3,3.71,2019,-0.0004308773804082552
549,2019UTA,-0.00181488991457367,-0.0019077485098479188,0.6097560975609756,78.9,3.04,2019,-0.0018613192122107942
550,2019WAS,0.0019967700029210915,-0.003415096812611155,0.3902439024390244,80.0,2.2,2019,-0.0007091634048450317
551,2020ATL,0.0012888823006117598,-0.002202781074224232,0.29850746268656714,79.7,2.6,2020,-0.000456949386806236
552,2020BOS,-0.0032790608872837303,-0.001170042907213534,0.6666666666666666,78.2,2.79,2020,-0.002224551897248632
553,2020BRK,-0.0008733264012744644,-0.0033341362491625974,0.4861111111111111,79.2,2.61,2020,-0.002103731325218531
554,2020CHI,0.002288208793301321,-0.00026100622417918795,0.3384615384615385,80.2,3.58,2020,0.0010136012845610664
555,2020CLE,-0.004737270485283938,-0.001976316776084324,0.2923076923076923,77.8,2.65,2020,-0.003356793630684131
556,2020DAL,-0.0004637143016161267,0.00039136864724859604,0.5733333333333334,79.3,3.71,2020,-3.617282718376534e-05
557,2020DEN,-0.0005439706392945292,-0.0015840641481953716,0.6301369863013698,79.2,2.83,2020,-0.0010640173937449503
558,2020DET,-0.0007566020567127994,4.9774216550263074e-05,0.30303030303030304,79.1,3.32,2020,-0.00035341392008126813
559,2020GSW,-0.003141852277340078,-0.0022671605776031743,0.23076923076923078,78.3,2.89,2020,-0.0027045064274716264
560,2020HOU,-0.004984570421725381,-0.00521893521731101,0.6111111111111112,78.0,2.16,2020,-0.005101752819518196
561,2020IND,-0.004466954454956509,0.0009124514797287745,0.6164383561643836,77.9,3.41,2020,-0.0017772514876138671
562,2020LAC,-0.0022289426519042145,-0.001467127463744173,0.6805555555555556,78.6,2.95,2020,-0.0018480350578241938
563,2020LAL,0.0006785365110540378,0.0002190112954004424,0.7323943661971831,79.5,3.35,2020,0.00044877390322724015
564,2020MEM,-0.0019003202465668874,0.0005071919043712977,0.4657534246575342,78.6,3.33,2020,-0.0006965641710977948
565,2020MIA,-0.0004545110408778561,-0.0018437085017871358,0.6027397260273972,79.3,2.96,2020,-0.0011491097713324959
566,2020MIL,0.0004573750955267246,0.0003810904990068248,0.7671232876712328,79.7,3.92,2020,0.0004192327972667747
567,2020MIN,-0.003967042135051877,-0.00035364204808044315,0.296875,78.1,3.38,2020,-0.00216034209156616
568,2020NOP,-0.0027590953523673723,-0.0016833356439505272,0.4166666666666667,78.6,3.05,2020,-0.0022212154981589498
569,2020NYK,0.0013421022376248332,-0.0017848166032370623,0.3181818181818182,79.8,2.69,2020,-0.00022135718280611458
570,2020OKC,-0.0015519482970406996,0.0010047996196413413,0.6111111111111112,78.7,3.52,2020,-0.00027357433869967915
571,2020ORL,0.0011539464446351127,0.000310966689107346,0.4520547945205479,79.5,3.52,2020,0.0007324565668712294
572,2020PHI,0.0007434835928973089,-0.0032298142075004154,0.589041095890411,79.9,2.24,2020,-0.0012431653073015532
573,2020PHO,-0.00041794938727779017,0.0011685321012232495,0.4657534246575342,79.1,3.5,2020,0.0003752913569727297
574,2020POR,-0.0027894163536919935,-0.0014886586350409542,0.47297297297297297,78.5,2.97,2020,-0.002139037494366474
575,2020SAC,-0.0018103587498742174,0.0019700406978148217,0.4305555555555556,78.6,3.62,2020,7.984097397030216e-05
576,2020SAS,-0.0018400603872269878,-0.00021728331906771642,0.4507042253521127,78.8,3.38,2020,-0.0010286718531473521
577,2020TOR,-0.0022601393359005066,0.002594512994275889,0.7361111111111112,78.4,3.86,2020,0.0001671868291876911
578,2020UTA,-0.003302590646546859,0.00033414869006133006,0.6111111111111112,78.3,3.71,2020,-0.0014842209782427644
579,2020WAS,0.0010937790651330782,0.004416573960971129,0.3472222222222222,79.0,4.57,2020,0.0027551765130521036
580,2021ATL,0.0007261570352643898,-0.0019346719047793836,0.5694444444444444,79.5,2.57,2021,-0.0006042574347574969
581,2021BOS,-0.00327585138635511,0.0007061925314117725,0.5,78.1,3.07,2021,-0.0012848294274716687
582,2021BRK,-0.002618457769374442,-0.0018639414347304255,0.6666666666666666,78.6,2.98,2021,-0.0022411996020524337
583,2021CHI,0.0006356684378804972,-0.002583173289097262,0.4305555555555556,79.8,2.53,2021,-0.0009737524256083823
584,2021CLE,-0.0006539197043559815,-0.0005054142858551723,0.3055555555555556,79.1,3.1,2021,-0.0005796669951055769
585,2021DAL,0.0006059250860534012,0.002078784482789413,0.5833333333333334,79.6,4.18,2021,0.001342354784421407
586,2021DEN,-0.003921136123077728,0.0007671187447921874,0.6527777777777778,78.0,3.64,2021,-0.0015770086891427704
587,2021DET,0.00027784541446116264,-0.0030375539887113946,0.2777777777777778,79.3,2.32,2021,-0.001379854287125116
588,2021GSW,-0.004923750381454922,-0.004437591648731827,0.5416666666666666,77.9,2.11,2021,-0.004680671015093374
589,2021HOU,-0.004898822941345697,-0.005152760610747202,0.2361111111111111,78.0,2.33,2021,-0.005025791776046449
590,2021IND,-0.004727320039386096,-7.050302869882486e-05,0.4722222222222222,77.8,3.26,2021,-0.0023989115340424605
591,2021LAC,5.919338011507219e-05,-0.0004619608306624139,0.6527777777777778,79.3,3.19,2021,-0.00020138372527367084
592,2021LAL,-0.0011208468006225884,-0.0017999831501650464,0.5833333333333334,78.9,2.73,2021,-0.0014604149753938175
593,2021MEM,-0.0038738431533034403,-4.293271667692596e-05,0.5277777777777778,78.1,3.2,2021,-0.001958387934990183
594,2021MIA,-0.00036379456216425457,-0.002801761489749087,0.5555555555555556,79.2,2.45,2021,-0.0015827780259566708
595,2021MIL,-0.0017885432485681154,0.002089790114032807,0.6388888888888888,78.7,4.07,2021,0.00015062343273234574
596,2021MIN,-0.0038456727567192806,0.0010893483859134633,0.3194444444444444,78.0,3.58,2021,-0.0013781621854029088
597,2021NOP,-0.001030125867430034,0.0014315197676112396,0.4305555555555556,79.0,3.77,2021,0.00020069695009060275
598,2021NYK,-0.0006289185571768451,-0.0009630471160487415,0.5694444444444444,79.2,3.03,2021,-0.0007959828366127933
599,2021OKC,0.0019621544042466503,-0.0020340318283085085,0.3055555555555556,80.2,3.13,2021,-3.5938712030929125e-05
600,2021ORL,-0.001800633428266452,-0.0052602480212332854,0.2916666666666667,78.9,2.11,2021,-0.0035304407247498688
601,2021PHI,-0.000656868980105844,0.0002194331248332637,0.6805555555555556,79.1,3.35,2021,-0.00021871792763629016
602,2021PHO,-0.0010882684160474466,0.0025674715919893846,0.7083333333333334,78.9,4.0,2021,0.000739601587970969
603,2021POR,-0.0039134011629748415,-0.0021351037632963434,0.5833333333333334,78.2,3.13,2021,-0.0030242524631355922
604,2021SAC,-0.0035212242469251816,-0.002752311443366283,0.4305555555555556,78.3,2.68,2021,-0.0031367678451457324
605,2021SAS,-0.0030813277259232864,-0.003751709135833556,0.4583333333333333,78.5,2.76,2021,-0.003416518430878421
606,2021TOR,-0.006056924343450032,0.0014719932799910735,0.375,77.4,3.53,2021,-0.0022924655317294795
607,2021UTA,-0.0032349606486240775,-6.833807104452193e-05,0.7222222222222222,78.4,3.51,2021,-0.0016516493598342998
608,2021WAS,-0.0003346994077254989,0.0032585770631457576,0.4722222222222222,79.1,4.25,2021,0.0014619388277101295
609,2022ATL,-0.0004687663796939728,-9.778248253282857e-05,0.524390243902439,79.0,3.01,2022,-0.0002832744311134007
610,2022BOS,-0.005327934154060834,-0.0007063209153445262,0.6219512195121951,77.7,2.82,2022,-0.0030171275347026802
611,2022BRK,-0.0016720997512629115,-0.00019150281457571685,0.5365853658536586,78.8,3.23,2022,-0.0009318012829193142
612,2022CHI,-0.0048077633855380195,-0.009293419167542455,0.5609756097560976,78.2,1.55,2022,-0.007050591276540237
613,2022CLE,0.0015224673227185153,0.001012844103996443,0.5365853658536586,79.7,3.57,2022,0.0012676557133574791
614,2022DAL,-0.0006015364736239571,-0.0022182195386040065,0.6341463414634146,79.4,3.33,2022,-0.0014098780061139818
615,2022DEN,-0.005133071039751432,0.0014966970240899364,0.5853658536585366,77.6,3.62,2022,-0.0018181870078307475
616,2022DET,-0.00408665523154318,-0.003982454493461473,0.2804878048780488,78.1,2.11,2022,-0.004034554862502327
617,2022GSW,-0.0022045086976556698,-0.001345499071232117,0.6463414634146342,78.6,2.66,2022,-0.0017750038844438934
618,2022HOU,-0.0055012022809046695,-0.005781885763482108,0.24390243902439024,77.8,2.37,2022,-0.005641544022193389
619,2022IND,-0.0014182488025065957,-0.004600183932110907,0.3048780487804878,79.1,2.2,2022,-0.0030092163673087514
620,2022LAC,7.370289026642618e-05,0.00033562499858459297,0.5121951219512195,79.3,3.49,2022,0.0002046639444255096
621,2022LAL,-0.0027926358931606153,-0.0025421189799987166,0.4024390243902439,78.6,2.62,2022,-0.002667377436579666
622,2022MEM,-0.0013621258594266222,0.0013381081366520497,0.6829268292682927,78.7,3.49,2022,-1.2008861387286245e-05
623,2022MIA,-0.0032336146182705646,-0.0020317822686688903,0.6463414634146342,78.3,3.09,2022,-0.0026326984434697272
624,2022MIL,-0.0016098048530128247,-0.002958879904820579,0.6219512195121951,79.1,2.46,2022,-0.002284342378916702
625,2022MIN,-0.0024555770717438366,-0.0016574438030427553,0.5609756097560976,78.6,3.08,2022,-0.002056510437393296
626,2022NOP,-0.0009333850512873067,-0.00013682538619055716,0.43902439024390244,79.0,3.32,2022,-0.0005351052187389319
627,2022NYK,-0.0006646035776958837,-0.0003836169296530302,0.45121951219512196,79.0,3.26,2022,-0.0005241102536744569
628,2022OKC,-0.0013941110770742853,-0.00036830354673730875,0.2926829268292683,78.8,3.2,2022,-0.000881207311905797
629,2022ORL,0.00017221019056582086,-0.0007255287872956372,0.2682926829268293,79.5,3.29,2022,-0.0002766592983649082
630,2022PHI,-0.0033315892431768695,-0.002123833033096256,0.6219512195121951,78.3,2.93,2022,-0.002727711138136563
631,2022PHO,-0.002812090438481223,0.0004923938588710039,0.7804878048780488,78.5,3.66,2022,-0.0011598482898051094
632,2022POR,-0.005260199187217137,-0.0034115770602724913,0.32926829268292684,77.8,3.07,2022,-0.004335888123744814
633,2022SAC,0.0004184828215729094,-0.00022542773573593246,0.36585365853658536,79.4,3.05,2022,9.652754291848847e-05
634,2022SAS,-0.004115084076642688,-0.004070847450454256,0.4146341463414634,78.1,2.73,2022,-0.0040929657635484715
635,2022TOR,0.0008244917905052753,-0.002166164663176334,0.5853658536585366,79.4,2.59,2022,-0.0006708364363355294
636,2022UTA,-0.0021686011369206376,0.0012197008583521018,0.5975609756097561,78.7,3.94,2022,-0.0004744501392842679
637,2022WAS,-0.000776438586279958,-0.0018268159754572032,0.4268292682926829,79.0,2.62,2022,-0.0013016272808685806
638,2023ATL,-0.0015398536854578783,0.0007516380397210588,0.5,78.6,3.24,2023,-0.00039410782286840974
639,2023BOS,0.00017504318079046203,-0.0021205586919159727,0.6951219512195121,79.6,3.08,2023,-0.0009727577555627554
640,2023BRK,-0.002495994261944054,0.00013894948384429997,0.5487804878048781,78.5,3.41,2023,-0.0011785223890498772
641,2023CHI,-0.0028884757915122834,-0.006174224349663858,0.4878048780487805,78.8,2.24,2023,-0.00453135007058807
642,2023CLE,-0.00027813023991994087,-0.0006278281665780176,0.6219512195121951,79.2,3.07,2023,-0.0004529792032489792
643,2023DAL,-0.0019478046363699316,-0.0038478526440328263,0.4634146341463415,78.9,2.33,2023,-0.0028978286402013788
644,2023DEN,-0.0008632061126978803,-0.00169772037782853,0.6463414634146342,79.1,2.73,2023,-0.001280463245263205
645,2023DET,-0.002326175200273976,-0.004317764356244152,0.2073170731707317,78.6,2.12,2023,-0.003321969778259064
646,2023GSW,-0.004291088169467377,-0.005260197744063923,0.5365853658536586,78.1,1.96,2023,-0.004775642956765649
647,2023HOU,-0.001625269928677601,-0.0026571278741293926,0.2682926829268293,79.0,2.73,2023,-0.0021411989014034965
648,2023IND,-0.0015245903889595537,-0.001831820554793699,0.4268292682926829,78.9,2.97,2023,-0.0016782054718766264
649,2023LAC,-0.0012433434708374338,-0.0017471646065862288,0.5365853658536586,78.9,2.8,2023,-0.0014952540387118312
650,2023LAL,-0.0023113098494949944,0.00010335561039863999,0.524390243902439,78.5,3.16,2023,-0.0011039771195481773
651,2023MEM,-0.0015377229976722446,0.0004838458557408202,0.6219512195121951,78.8,3.41,2023,-0.0005269385709657122
652,2023MIA,-0.00547092054919204,-0.002277414135736778,0.5365853658536586,77.6,2.47,2023,-0.003874167342464409
653,2023MIL,-0.0004279759074528076,-0.00023054348757201677,0.7073170731707317,79.3,3.52,2023,-0.0003292596975124122
654,2023MIN,0.0010132230625817602,-0.0007747932896497984,0.5121951219512195,79.8,3.41,2023,0.00011921488646598094
655,2023NOP,0.00039725593294168414,-0.001189950147728205,0.5121951219512195,79.2,2.93,2023,-0.00039634710739326043
656,2023NYK,-0.0015898902969301114,0.0007639726069999205,0.573170731707317,78.9,3.67,2023,-0.00041295884496509545
657,2023OKC,-0.002130274897509424,-0.005415877250564324,0.4878048780487805,78.7,1.78,2023,-0.003773076074036874
658,2023ORL,0.0019399296178879844,3.034030993245577e-05,0.4146341463414634,80.2,3.87,2023,0.00098513496391022
659,2023PHI,-0.002647049520928624,-0.002258765333391306,0.6585365853658537,78.6,2.91,2023,-0.002452907427159965
660,2023PHO,-0.0009905852750279765,-0.0013459249345797069,0.5487804878048781,79.0,3.23,2023,-0.0011682551048038418
661,2023POR,-0.0019433485425281896,-0.001742391083513065,0.4024390243902439,78.8,2.9,2023,-0.0018428698130206274
662,2023SAC,-0.0012929344708331105,-0.0007486906056769105,0.5853658536585366,78.8,2.83,2023,-0.0010208125382550105
663,2023SAS,-0.001254120100322364,-0.0016618873338078927,0.2682926829268293,79.0,3.14,2023,-0.0014580037170651284
664,2023TOR,0.002683523117365134,-0.0006708395034538882,0.5,80.2,3.41,2023,0.0010063418069556228
665,2023UTA,-0.002006965008392606,0.0018235592168269292,0.45121951219512196,78.7,4.04,2023,-9.170289578283835e-05
666,2023WAS,0.00011537314153556126,-0.0004663154172156208,0.4268292682926829,79.5,3.46,2023,-0.00017547113784002977
667,2024ATL,-0.00023237397144873823,-0.0019027835090427634,0.43902439024390244,79.2,2.57,2024,-0.0010675787402457508
668,2024BOS,0.0012799318265306297,-0.00012849395529208836,0.7804878048780488,80.0,3.96,2024,0.0005757189356192707
669,2024BRK,-0.005383814123539916,-0.002597528800916976,0.3902439024390244,77.7,2.79,2024,-0.003990671462228446
670,2024CHI,-0.0025349928346180078,-0.003367254748327221,0.47560975609756095,78.7,2.68,2024,-0.0029511237914726144
671,2024CLE,-0.0020059315133775448,-0.0007584785310537201,0.5853658536585366,78.7,3.16,2024,-0.0013822050222156324
672,2024DAL,-0.0036917582531224213,-0.006140905368282506,0.6097560975609756,78.3,2.71,2024,-0.004916331810702464
673,2024DEN,0.00014106193900739227,-0.0018277706651701003,0.6951219512195121,79.4,2.66,2024,-0.000843354363081354
674,2024DET,-0.0006729461330064993,-0.0026975983054101007,0.17073170731707318,79.2,2.72,2024,-0.0016852722192083
675,2024GSW,-0.0037197432640370125,-0.0014076506456875654,0.5609756097560976,78.1,2.76,2024,-0.002563696954862289
676,2024HOU,-0.0027464699353774488,0.0014319731572530994,0.5,78.3,3.68,2024,-0.0006572483890621747
677,2024IND,-0.0014865001413138768,-0.001736635678200552,0.573170731707317,78.9,2.91,2024,-0.0016115679097572144
678,2024LAC,-0.00018583234312826412,-0.0026419843652643227,0.6219512195121951,79.4,2.62,2024,-0.0014139083541962934
679,2024LAL,0.001703508501243933,-0.0027568198528419626,0.573170731707317,80.0,2.46,2024,-0.0005266556757990148
680,2024MEM,-0.001291565473453009,-0.0024733221252659088,0.32926829268292684,79.0,2.77,2024,-0.001882443799359459
681,2024MIA,-0.0049388520774823405,-0.0017108559540753867,0.5609756097560976,77.7,2.64,2024,-0.003324854015778864
682,2024MIL,-0.0015338459631460196,-0.0008735506198038784,0.5975609756097561,79.0,3.5,2024,-0.001203698291474949
683,2024MIN,-0.00019659257894745336,0.0032494627011915374,0.6829268292682927,79.1,4.32,2024,0.001526435061122042
684,2024NOP,0.0013304094308761731,-0.004470890774712509,0.5975609756097561,79.7,2.04,2024,-0.0015702406719181681
685,2024NYK,-0.0033671599037975175,-0.0017235968211658697,0.6097560975609756,78.4,3.01,2024,-0.0025453783624816936
686,2024OKC,-0.0013484994795814637,-0.004983349360064389,0.6951219512195121,79.2,2.49,2024,-0.003165924419822926
687,2024ORL,0.0032377992336484196,-0.0010199198084666166,0.573170731707317,80.3,3.03,2024,0.0011089397125909014
688,2024PHI,-0.00020307534255347762,0.0014099567166005755,0.573170731707317,79.2,3.74,2024,0.000603440687023549
689,2024PHO,-0.0014826347843045415,-0.0021164114887040216,0.5975609756097561,79.0,3.11,2024,-0.0017995231365042815
690,2024POR,0.0010081661121010583,-0.0012218193759892199,0.25609756097560976,79.7,2.89,2024,-0.0001068266319440808
691,2024SAC,-0.0018392412709091024,-0.0016721601084389197,0.5609756097560976,78.7,2.6,2024,-0.001755700689674011
692,2024SAS,-0.0006415461869927003,-0.00141495602048438,0.2682926829268293,79.4,3.73,2024,-0.00102825110373854
693,2024TOR,-0.0029393651767872647,-0.0020658488907636355,0.3048780487804878,78.4,2.84,2024,-0.00250260703377545
694,2024UTA,0.00022299031125140673,0.0005892859051149957,0.3780487804878049,79.4,3.7,2024,0.00040613810818320123
695,2024WAS,-0.000844958601469031,-0.0008354761602150283,0.18292682926829268,79.0,2.87,2024,-0.0008402173808420297
